amount,card_name,is_foil,is_pinned,set_id,set_code,language,condition,comment
2,"Abandoned Sarcophagus",0,0,"","","","",""
2,"Abrade",0,0,"","","","",""
1,"Abundance",0,0,"","","","",""
1,"Abzan Banner",0,0,"","","","",""
1,"Abzan Charm",0,0,"","","","",""
1,"Abzan Falconer",0,0,"","CM2","","",""
1,"Accelerate",0,0,"","","","",""
1,"Accursed Horde",0,0,"","","","",""
1,"Accursed Spirit",0,0,"","","","",""
1,"Acidic Slime",0,0,"","CM2","","",""
3,"Acidic Slime",0,0,"","","","",""
1,"Adarkar Valkyrie",0,0,"","","","",""
5,"Adeliz, the Cinder Wind",0,0,"","","","",""
1,"Adorned Pouncer",0,0,"","","","",""
1,"Aegis Angel",0,0,"","","","",""
1,"Aeon Chronicler",0,0,"","","","",""
1,"Aether Gale",0,0,"","","","",""
1,"Aethermage's Touch",0,0,"","","","",""
1,"Agadeem Occultist",0,0,"","","","",""
1,"Aggressive Mining",0,0,"","","","",""
2,"Aim High",0,0,"","","","",""
2,"Ajani's Chosen",0,0,"","","","",""
2,"Akoum Refuge",0,0,"","","","",""
1,"Akroan Horse",0,0,"","","","",""
2,"Akroma's Vengeance",0,0,"","","","",""
1,"Akroma, Angel of Fury",0,0,"","","","",""
1,"Akroma, Angel of Wrath",0,0,"","","","",""
1,"Alchemist's Refuge",0,0,"","","","",""
1,"Aleatory",0,0,"","","","",""
1,"Alexi's Cloak",0,0,"","PR","","",""
1,"Alexi, Zephyr Mage",0,0,"","","","",""
4,"Allied Strategies",0,0,"","","","",""
1,"Alloy Myr",0,0,"","","","",""
1,"Alms of the Vein",0,0,"","","","",""
1,"Altar of the Brood",0,0,"","","","",""
1,"Altered Ego",0,0,"","","","",""
2,"Amaranthine Wall",0,0,"","","","",""
2,"Ambition's Cost",0,0,"","","","",""
1,"Aminatou's Augury",0,0,"","","","",""
1,"Aminatou, the Fateshifter",0,0,"","","","",""
1,"Anax and Cymede",0,0,"","","","",""
1,"Ancient Amphitheater",0,0,"","CM2","","",""
5,"Ancient Den",0,0,"","","","",""
1,"Ancient Excavation",0,0,"","CM2","","",""
1,"Ancient Stone Idol",0,0,"","","","",""
1,"Ancient Tomb",0,0,"","","","",""
2,"Angel of Retribution",0,0,"","","","",""
1,"Angel of Serenity",0,0,"","CM2","","",""
1,"Angelic Chorus",0,0,"","","","",""
1,"Anger",0,0,"","","","",""
1,"Angrath's Marauders",0,0,"","","","",""
1,"Animate Dead",0,0,"","","","",""
1,"Animist's Awakening",0,0,"","","","",""
1,"Ankh of Mishra",0,0,"","","","",""
2,"Anointer Priest",0,0,"","","","",""
1,"Anowon, the Ruin Sage",0,0,"","","","",""
1,"Anticipate",0,0,"","","","",""
1,"Anya, Merciless Angel",0,0,"","CM2","","",""
1,"Apocalypse Demon",0,0,"","","","",""
1,"Apocalypse Hydra",0,0,"","","","",""
9,"Apostle's Blessing",0,0,"","","","",""
1,"Apothecary Geist",0,0,"","","","",""
1,"Approach of the Second Sun",0,0,"","","","",""
1,"Aquatic Incursion",0,0,"","","","",""
1,"Arahbo, Roar of the World",0,0,"","","","",""
1,"Arashin Foremost",0,0,"","","","",""
1,"Arashin Sovereign",0,0,"","","","",""
1,"Arbiter of Knollridge",0,0,"","CM2","","",""
1,"Arbor Elf",0,0,"","","","",""
1,"Arcane Adaptation",0,0,"","","","",""
1,"Arcane Artisan",0,0,"","","","",""
1,"Arcane Laboratory",0,0,"","","","",""
1,"Arcane Lighthouse",0,0,"","CM2","","",""
2,"Arcane Sanctum",0,0,"","","","",""
1,"Arcane Sanctum",0,0,"","CM2","","",""
2,"Arcanis the Omnipotent",0,0,"","","","",""
1,"Archangel of Strife",0,0,"","","","",""
1,"Archetype of Endurance",0,0,"","","","",""
1,"Archetype of Imagination",0,0,"","","","",""
1,"Architect of the Untamed",0,0,"","","","",""
1,"Arguel's Blood Fast",0,0,"","","","",""
1,"Arid Mesa",0,0,"","","","",""
1,"Arixmethes, Slumbering Isle",0,0,"","","","",""
1,"Armillary Sphere",0,0,"","","","",""
1,"Armistice",0,0,"","","","",""
2,"Army of the Damned",0,0,"","","","",""
1,"Arrest",0,0,"","","","",""
1,"Artificer's Assistant",0,0,"","","","",""
1,"Artisan of Kozilek",0,0,"","CM2","","",""
1,"As Foretold",0,0,"","","","",""
1,"Ash Barrens",0,0,"","CM2","","",""
1,"Ashes of the Abhorrent",0,0,"","","","",""
1,"Aspect of Mongoose",0,0,"","","","",""
2,"Assassin's Strike",0,0,"","","","",""
1,"Assault Formation",0,0,"","","","",""
1,"Assault Strobe",0,0,"","","","",""
1,"Astral Cornucopia",0,0,"","","","",""
1,"Astral Cornucopia",0,0,"","CM2","","",""
2,"Atarka, World Render",0,0,"","","","",""
1,"Atraxa, Praetors' Voice",0,0,"","CM2","","",""
2,"Attune with Aether",0,0,"","","","",""
1,"Aura Gnarlid",0,0,"","","","",""
1,"Auramancer",0,0,"","","","",""
1,"Aurelia, the Warleader",0,0,"","","","",""
1,"Auriok Windwalker",0,0,"","","","",""
1,"Authority of the Consuls",0,0,"","","","",""
1,"Avacyn, Angel of Hope",0,0,"","","","",""
1,"Avalanche Tusker",0,0,"","","","",""
1,"Avatar of Slaughter",0,0,"","","","",""
1,"Avatar of Woe",0,0,"","CM2","","",""
1,"Aven Wind Guide",0,0,"","","","",""
1,"Avenger of Zendikar",0,0,"","","","",""
1,"Awakened Amalgam",0,0,"","","","",""
2,"Axis of Mortality",0,0,"","","","",""
1,"Ayli, Eternal Pilgrim",0,0,"","","","",""
2,"Azorius Chancery",0,0,"","","","",""
1,"Azorius Chancery",0,0,"","CM2","","",""
1,"Azorius Guildgate",0,0,"","","","",""
1,"Azorius Signet",0,0,"","","","",""
1,"Azra Oddsmaker",0,0,"","","","",""
1,"Back to Nature",0,0,"","","","",""
2,"Baird, Steward of Argive",0,0,"","","","",""
1,"Balance",0,0,"","","","",""
1,"Baleful Eidolon",0,0,"","","","",""
1,"Baloth Woodcrasher",0,0,"","","","",""
1,"Bane of the Living",0,0,"","CM2","","",""
1,"Baneslayer Angel",0,0,"","","","",""
1,"Banishing Light",0,0,"","","","",""
1,"Banishing Light",0,0,"","CM2","","",""
1,"Banishing Stroke",0,0,"","","","",""
1,"Banshee of the Dread Choir",0,0,"","","","",""
1,"Bant Charm",0,0,"","","","",""
3,"Barren Moor",0,0,"","","","",""
1,"Barren Moor",0,0,"","CM2","","",""
1,"Barter in Blood",0,0,"","","","",""
1,"Basalt Monolith",0,0,"","CM2","","",""
1,"Basandra, Battle Seraph",0,0,"","","","",""
1,"Battle Hymn",0,0,"","","","",""
2,"Battle Mastery",0,0,"","","","",""
1,"Battle Squadron",0,0,"","","","",""
1,"Battle-Rattle Shaman",0,0,"","","","",""
1,"Bear Umbra",0,0,"","","","",""
1,"Bearer of the Heavens",0,0,"","","","",""
3,"Beast Within",0,0,"","","","",""
2,"Beetleback Chief",0,0,"","","","",""
1,"Beetleback Chief",0,0,"","CM2","","",""
1,"Benalish Marshal",0,0,"","","","",""
1,"Berserkers' Onslaught",0,0,"","","","",""
1,"Beseech the Queen",0,0,"","","","",""
1,"Bishop of Rebirth",0,0,"","","","",""
1,"Bitter Feud",0,0,"","CM2","","",""
1,"Black Market",0,0,"","","","",""
1,"Blackblade Reforged",0,0,"","","","",""
1,"Blade of Selves",0,0,"","CM2","","",""
1,"Blade of the Bloodchief",0,0,"","","","",""
1,"Bladed Pinions",0,0,"","","","",""
1,"Bladewing the Risen",0,0,"","","","",""
1,"Blaring Captain",0,0,"","","","",""
1,"Blaring Recruiter",0,0,"","","","",""
1,"Blasphemous Act",0,0,"","","","",""
1,"Blasphemous Act",0,0,"","CM2","","",""
1,"Blasted Landscape",0,0,"","CM2","","",""
2,"Blaze",0,0,"","","","",""
1,"Blessed Reincarnation",0,0,"","","","",""
4,"Blight Mamba",0,0,"","","","",""
2,"Blighted Cataract",0,0,"","","","",""
2,"Blighted Gorge",0,0,"","","","",""
1,"Blighted Steppe",0,0,"","","","",""
3,"Blighted Woodland",0,0,"","","","",""
1,"Blind Obedience",0,0,"","","","",""
1,"Blinding Fog",0,0,"","","","",""
1,"Blinkmoth Urn",0,0,"","","","",""
2,"Blood Artist",0,0,"","","","",""
1,"Blood Baron of Vizkopa",0,0,"","","","",""
1,"Blood Feud",0,0,"","","","",""
1,"Blood Host",0,0,"","","","",""
1,"Blood Scrivener",0,0,"","","","",""
1,"Blood Sun",0,0,"","","","",""
1,"Blood Tribute",0,0,"","","","",""
1,"Bloodfell Caves",0,0,"","","","",""
1,"Bloodgift Demon",0,0,"","","","",""
1,"Bloodhall Priest",0,0,"","","","",""
1,"Bloodhusk Ritualist",0,0,"","","","",""
1,"Bloodline Necromancer",0,0,"","","","",""
1,"Bloodlord of Vaasgoth",0,0,"","","","",""
1,"Bloodmark Mentor",0,0,"","","","",""
1,"Bloodspore Thrinax",0,0,"","","","",""
1,"Bloodstained Mire",0,0,"","","","",""
1,"Bloodsworn Steward",0,0,"","","","",""
1,"Bloodtracker",0,0,"","","","",""
2,"Blossoming Defense",0,0,"","","","",""
1,"Blossoming Sands",0,0,"","","","",""
1,"Blue Sun's Zenith",0,0,"","","","",""
1,"Board the Weatherlight",0,0,"","","","",""
1,"Bog Wraith",0,0,"","","","",""
1,"Bogardan Hellkite",0,0,"","CM2","","",""
1,"Boggart Shenanigans",0,0,"","","","",""
1,"Boiling Blood",0,0,"","","","",""
5,"Bojuka Bog",0,0,"","","","",""
1,"Boldwyr Intimidator",0,0,"","","","",""
1,"Bone Saw",0,0,"","","","",""
1,"Bone Shredder",0,0,"","","","",""
1,"Bone to Ash",0,0,"","","","",""
1,"Bonehoard",0,0,"","","","",""
1,"Boneyard Scourge",0,0,"","","","",""
1,"Bontu's Monument",0,0,"","","","",""
1,"Bonus Round",0,0,"","","","",""
1,"Boompile",0,0,"","","","",""
1,"Boon Satyr",0,0,"","","","",""
1,"Borborygmos",0,0,"","","","",""
1,"Borderland Behemoth",0,0,"","CM2","","",""
1,"Borderland Explorer",0,0,"","","","",""
1,"Boreas Charger",0,0,"","","","",""
1,"Boros Cluestone",0,0,"","CM2","","",""
1,"Boros Garrison",0,0,"","CM2","","",""
1,"Boros Garrison",0,0,"","","","",""
1,"Boros Guildgate",0,0,"","CM2","","",""
2,"Boros Guildgate",0,0,"","","","",""
1,"Boros Signet",0,0,"","CM2","","",""
1,"Boros Signet",0,0,"","","","",""
1,"Borrowed Hostility",0,0,"","","","",""
1,"Bosh, Iron Golem",0,0,"","","","",""
1,"Bosh, Iron Golem",0,0,"","CM2","","",""
1,"Bottle Gnomes",0,0,"","CM2","","",""
1,"Bound by Moonsilver",0,0,"","","","",""
1,"Bountiful Promenade",0,0,"","","","",""
1,"Bounty of the Luxa",0,0,"","","","",""
1,"Brago, King Eternal",0,0,"","","","",""
1,"Braids, Conjurer Adept",0,0,"","","","",""
1,"Brain in a Jar",0,0,"","","","",""
1,"Brainstorm",0,0,"","","","",""
1,"Brave the Sands",0,0,"","CM2","","",""
1,"Brawn",0,0,"","CM2","","",""
1,"Brawn",0,0,"","","","",""
1,"Breaker of Armies",0,0,"","","","",""
1,"Breath of Darigaaz",0,0,"","CM2","","",""
1,"Bred for the Hunt",0,0,"","CM2","","",""
1,"Bright Reprisal",0,0,"","","","",""
1,"Brightling",0,0,"","","","",""
1,"Brightstone Ritual",0,0,"","","","",""
2,"Bring Down",0,0,"","","","",""
1,"Bristling Hydra",0,0,"","","","",""
2,"Brittle Effigy",0,0,"","","","",""
1,"Broken Bond",0,0,"","","","",""
1,"Broken Concentration",0,0,"","","","",""
1,"Broodmate Dragon",0,0,"","","","",""
1,"Brudiclad, Telchor Engineer",0,0,"","","","",""
1,"Bruna, Light of Alabaster",0,0,"","","","",""
1,"Bruna, the Fading Light",0,0,"","","","",""
1,"Brute Force",0,0,"","","","",""
1,"Brute Strength",0,0,"","","","",""
1,"Budoka Gardener",0,0,"","","","",""
1,"Built to Smash",0,0,"","","","",""
1,"Burgeoning",0,0,"","","","",""
1,"Buried Alive",0,0,"","CM2","","",""
1,"Buried Ruin",0,0,"","CM2","","",""
1,"Buried Ruin",0,0,"","","","",""
1,"Burn at the Stake",0,0,"","","","",""
1,"Burning Inquiry",0,0,"","","","",""
1,"Burnished Hart",0,0,"","","","",""
1,"Butcher of Malakir",0,0,"","CM2","","",""
2,"Butcher of Malakir",0,0,"","","","",""
1,"Cabal Ritual",0,0,"","","","",""
1,"Cage of Hands",0,0,"","","","",""
1,"Caged Sun",0,0,"","CM2","","",""
1,"Caged Sun",0,0,"","","","",""
1,"Caller of the Pack",0,0,"","","","",""
8,"Cancel",0,0,"","","","",""
1,"Capricious Efreet",0,0,"","","","",""
1,"Capsize",0,0,"","","","",""
1,"Captivating Glance",0,0,"","","","",""
1,"Captivating Vampire",0,0,"","","","",""
1,"Captured by the Consulate",0,0,"","","","",""
1,"Carnage Gladiator",0,0,"","","","",""
1,"Cartouche of Ambition",0,0,"","","","",""
1,"Cartouche of Solidarity",0,0,"","","","",""
1,"Cascading Cataracts",0,0,"","","","",""
2,"Cast Down",0,0,"","","","",""
1,"Cataclysmic Gearhulk",0,0,"","","","",""
1,"Catalyst Elemental",0,0,"","","","",""
1,"Cathars' Crusade",0,0,"","CM2","","",""
1,"Cathodion",0,0,"","CM2","","",""
1,"Caught in the Brights",0,0,"","","","",""
1,"Cauldron of Souls",0,0,"","CM2","","",""
1,"Caustic Tar",0,0,"","","","",""
1,"Cavern of Souls",0,0,"","","","",""
2,"Celestial Archon",0,0,"","","","",""
2,"Centaur Vinecrasher",0,0,"","","","",""
1,"Cerebral Eruption",0,0,"","","","",""
1,"Chain Lightning",0,0,"","","","",""
1,"Chain Reaction",0,0,"","","","",""
2,"Chainer's Torment",0,0,"","","","",""
2,"Chakram Retriever",0,0,"","","","",""
2,"Chakram Slinger",0,0,"","","","",""
1,"Champion of Lambholt",0,0,"","CM2","","",""
1,"Champion of Stray Souls",0,0,"","","","",""
3,"Champion of the Flame",0,0,"","","","",""
1,"Chaos Warp",0,0,"","CM2","","",""
2,"Chaos Warp",0,0,"","","","",""
1,"Chaotic Goo",0,0,"","","","",""
1,"Chaotic Strike",0,0,"","","","",""
1,"Chaplain's Blessing",0,0,"","","","",""
1,"Charging Tuskodon",0,0,"","","","",""
1,"Chariot of Victory",0,0,"","","","",""
1,"Charmbreaker Devils",0,0,"","","","",""
1,"Charnelhoard Wurm",0,0,"","","","",""
2,"Chart a Course",0,0,"","","","",""
1,"Chasm Guide",0,0,"","","","",""
2,"Cheering Fanatic",0,0,"","","","",""
1,"Chief of the Foundry",0,0,"","","","",""
1,"Child of Alara",0,0,"","","","",""
1,"Child of Night",0,0,"","","","",""
1,"Choking Restraints",0,0,"","","","",""
1,"Chromatic Lantern",0,0,"","","","",""
8,"Chromatic Sphere",0,0,"","","","",""
3,"Cinder Barrens",0,0,"","","","",""
1,"Circle of Protection: Black",0,0,"","","","",""
1,"Circle of Protection: Blue",0,0,"","","","",""
1,"Circle of Protection: Green",0,0,"","","","",""
1,"Circle of Protection: White",0,0,"","","","",""
1,"Circle of Solace",0,0,"","","","",""
1,"Citadel Siege",0,0,"","CM2","","",""
1,"City of Brass",0,0,"","","","",""
1,"City of Traitors",0,0,"","","","",""
1,"Cleaver Riot",0,0,"","","","",""
1,"Clifftop Retreat",0,0,"","","","",""
1,"Clockspinning",0,0,"","","","",""
1,"Cloudform",0,0,"","","","",""
1,"Cloudthresher",0,0,"","","","",""
2,"Cold-Eyed Selkie",0,0,"","","","",""
1,"Coldsteel Heart",0,0,"","CM2","","",""
1,"Collective Defiance",0,0,"","","","",""
4,"Collective Restraint",0,0,"","","","",""
1,"Combustible Gearhulk",0,0,"","","","",""
1,"Comet Storm",0,0,"","","","",""
3,"Command Tower",0,0,"","CM2","","",""
7,"Command Tower",0,0,"","","","",""
2,"Commander's Sphere",0,0,"","CM2","","",""
3,"Commander's Sphere",0,0,"","","","",""
1,"Commit // Memory",0,0,"","","","",""
1,"Commune with Lava",0,0,"","","","",""
1,"Commune with the Gods",0,0,"","","","",""
1,"Concentrate",0,0,"","","","",""
1,"Conflux",0,0,"","","","",""
1,"Confusion in the Ranks",0,0,"","","","",""
1,"Conjured Currency",0,0,"","","","",""
1,"Consign to Dust",0,0,"","","","",""
1,"Consume the Meek",0,0,"","","","",""
1,"Consuming Vapors",0,0,"","","","",""
1,"Conundrum Sphinx",0,0,"","","","",""
1,"Conviction",0,0,"","","","",""
1,"Corpse Augur",0,0,"","","","",""
1,"Corpsejack Menace",0,0,"","CM2","","",""
1,"Corrupted Grafstone",0,0,"","","","",""
1,"Cosmic Larva",0,0,"","","","",""
1,"Council of the Absolute",0,0,"","","","",""
1,"Counterflux",0,0,"","","","",""
1,"Counterspell",0,0,"","","","",""
1,"Coveted Jewel",0,0,"","","","",""
1,"Crackdown Construct",0,0,"","","","",""
1,"Crackling Doom",0,0,"","","","",""
3,"Cradle of the Accursed",0,0,"","","","",""
1,"Crash of Rhino Beetles",0,0,"","","","",""
1,"Crash Through",0,0,"","","","",""
1,"Creeping Renaissance",0,0,"","","","",""
1,"Creepy Doll",0,0,"","","","",""
1,"Crib Swap",0,0,"","CM2","","",""
1,"Crib Swap",0,0,"","","","",""
1,"Crimson Honor Guard",0,0,"","","","",""
1,"Crimson Wisps",0,0,"","","","",""
1,"Crooked Scales",0,0,"","","","",""
1,"Crosis, the Purger",0,0,"","","","",""
1,"Crucible of Fire",0,0,"","","","",""
2,"Crucible of the Spirit Dragon",0,0,"","","","",""
1,"Cruel Edict",0,0,"","","","",""
1,"Cruel Entertainment",0,0,"","","","",""
1,"Cruel Sadist",0,0,"","","","",""
1,"Crumbling Necropolis",0,0,"","","","",""
2,"Crux of Fate",0,0,"","","","",""
1,"Crypt of the Eternals",0,0,"","","","",""
2,"Cryptic Gateway",0,0,"","","","",""
1,"Crystal Ball",0,0,"","","","",""
1,"Crystal Chimes",0,0,"","","","",""
1,"Crystalline Crawler",0,0,"","CM2","","",""
2,"Culling Dais",0,0,"","","","",""
4,"Cultivate",0,0,"","","","",""
1,"Cultivate",0,0,"","CM2","","",""
1,"Cultivator's Caravan",0,0,"","","","",""
1,"Curator's Ward",0,0,"","","","",""
1,"Curiosity",0,0,"","","","",""
1,"Curse of Bounty",0,0,"","","","",""
1,"Curse of Disturbance",0,0,"","","","",""
1,"Curse of Echoes",0,0,"","","","",""
1,"Curse of Oblivion",0,0,"","","","",""
1,"Curse of Opulence",0,0,"","","","",""
1,"Curse of the Nightly Hunt",0,0,"","CM2","","",""
1,"Curse of the Swine",0,0,"","","","",""
1,"Curse of Vengeance",0,0,"","","","",""
1,"Curse of Verbosity",0,0,"","","","",""
1,"Curse of Vitality",0,0,"","","","",""
2,"Cursed Totem",0,0,"","","","",""
1,"Curtains' Call",0,0,"","","","",""
1,"Custodi Soulbinders",0,0,"","CM2","","",""
1,"Custody Battle",0,0,"","","","",""
1,"Damia, Sage of Stone",0,0,"","","","",""
1,"Damia, Sage of Stone",0,0,"","CM2","","",""
1,"Damnable Pact",0,0,"","","","",""
3,"Damping Sphere",0,0,"","","","",""
1,"Dance of the Skywise",0,0,"","","","",""
1,"Danitha Capashen, Paragon",0,0,"","","","",""
1,"Daretti, Scrap Savant",0,0,"","CM2","","",""
1,"Daring Archaeologist",0,0,"","","","",""
1,"Daring Demolition",0,0,"","","","",""
1,"Dark Depths",0,0,"","","","",""
1,"Dark Hatchling",0,0,"","CM2","","",""
1,"Dark Impostor",0,0,"","","","",""
1,"Darksteel Axe",0,0,"","","","",""
1,"Darksteel Citadel",0,0,"","","","",""
1,"Darksteel Citadel",0,0,"","CM2","","",""
2,"Darksteel Ingot",0,0,"","CM2","","",""
2,"Darksteel Ingot",0,0,"","","","",""
1,"Darksteel Juggernaut",0,0,"","","","",""
1,"Darkwater Catacombs",0,0,"","CM2","","",""
1,"Dauntless Bodyguard",0,0,"","","","",""
1,"Dawn to Dusk",0,0,"","","","",""
1,"Dawn's Reflection",0,0,"","","","",""
1,"Dawnbreak Reclaimer",0,0,"","CM2","","",""
1,"Dawnglare Invoker",0,0,"","CM2","","",""
1,"Dawnstrider",0,0,"","","","",""
1,"Dawntreader Elk",0,0,"","","","",""
1,"Daxos of Meletis",0,0,"","","","",""
1,"Daxos the Returned",0,0,"","","","",""
1,"Deadeye Navigator",0,0,"","","","",""
1,"Deadly Designs",0,0,"","","","",""
1,"Deadly Recluse",0,0,"","","","",""
1,"Death by Dragons",0,0,"","","","",""
1,"Death's Presence",0,0,"","","","",""
1,"Deathbringer Regent",0,0,"","","","",""
1,"Deathcap Cultivator",0,0,"","","","",""
1,"Deathreap Ritual",0,0,"","","","",""
1,"Decimate",0,0,"","","","",""
1,"Decorated Champion",0,0,"","","","",""
1,"Deepglow Skate",0,0,"","CM2","","",""
1,"Deeproot Elite",0,0,"","","","",""
1,"Deft Dismissal",0,0,"","","","",""
1,"Delay",0,0,"","","","",""
1,"Demanding Dragon",0,0,"","","","",""
1,"Demon of Catastrophes",0,0,"","","","",""
1,"Demonic Vigor",0,0,"","","","",""
3,"Demystify",0,0,"","","","",""
1,"Dense Foliage",0,0,"","","","",""
1,"Depala, Pilot Exemplar",0,0,"","","","",""
1,"Deprive",0,0,"","","","",""
1,"Descend upon the Sinful",0,0,"","","","",""
1,"Desecration Demon",0,0,"","","","",""
1,"Desecrator Hag",0,0,"","CM2","","",""
4,"Desert of the Fervent",0,0,"","","","",""
2,"Desert of the Glorified",0,0,"","","","",""
4,"Desert of the Indomitable",0,0,"","","","",""
4,"Desert of the Mindful",0,0,"","","","",""
2,"Desert of the True",0,0,"","","","",""
1,"Desolation Giant",0,0,"","CM2","","",""
1,"Desolation Twin",0,0,"","","","",""
1,"Destroy the Evidence",0,0,"","","","",""
1,"Devastation Tide",0,0,"","","","",""
1,"Devils' Playground",0,0,"","","","",""
1,"Diabolic Edict",0,0,"","","","",""
1,"Diabolic Intent",0,0,"","","","",""
2,"Diabolic Servitude",0,0,"","","","",""
2,"Diabolic Tutor",0,0,"","","","",""
1,"Dictate of Karametra",0,0,"","","","",""
1,"Dictate of Kruphix",0,0,"","","","",""
2,"Diligent Excavator",0,0,"","","","",""
1,"Diluvian Primordial",0,0,"","","","",""
1,"Dimir Aqueduct",0,0,"","","","",""
1,"Dimir Aqueduct",0,0,"","CM2","","",""
2,"Dimir Guildgate",0,0,"","","","",""
1,"Dimir Signet",0,0,"","","","",""
1,"Dimir Signet",0,0,"","CM2","","",""
1,"Dinosaur Stampede",0,0,"","","","",""
2,"Dinrova Horror",0,0,"","","","",""
1,"Disaster Radius",0,0,"","CM2","","",""
1,"Disdainful Stroke",0,0,"","CM2","","",""
2,"Disembowel",0,0,"","","","",""
1,"Disenchant",0,0,"","","","",""
2,"Dismal Backwater",0,0,"","","","",""
1,"Dismantling Blow",0,0,"","","","",""
1,"Dismissive Pyromancer",0,0,"","","","",""
1,"Dispersal Shield",0,0,"","","","",""
1,"Disperse",0,0,"","","","",""
1,"Displacement Wave",0,0,"","","","",""
2,"Disrupt Decorum",0,0,"","","","",""
1,"Dissolve",0,0,"","","","",""
1,"Divergent Transformations",0,0,"","","","",""
2,"Divest",0,0,"","","","",""
1,"Divine Favor",0,0,"","","","",""
1,"Diviner's Wand",0,0,"","","","",""
2,"Djeru, With Eyes Open",0,0,"","","","",""
1,"Djinn of Infinite Deceits",0,0,"","","","",""
2,"Djinn of Wishes",0,0,"","","","",""
4,"Doom Blade",0,0,"","","","",""
1,"Doomwake Giant",0,0,"","","","",""
1,"Door of Destinies",0,0,"","","","",""
1,"Door to Nothingness",0,0,"","","","",""
1,"Dormant Volcano",0,0,"","CM2","","",""
1,"Doubling Cube",0,0,"","","","",""
1,"Doubling Season",0,0,"","","","",""
1,"Downhill Charge",0,0,"","","","",""
1,"Dowsing Dagger",0,0,"","","","",""
1,"Dragon Breath",0,0,"","","","",""
1,"Dragon Egg",0,0,"","","","",""
2,"Dragon Fodder",0,0,"","","","",""
1,"Dragon Roost",0,0,"","","","",""
1,"Dragon Tempest",0,0,"","","","",""
1,"Dragonlord's Prerogative",0,0,"","","","",""
1,"Dragonlord's Servant",0,0,"","","","",""
1,"Dragonrage",0,0,"","","","",""
1,"Dragonspeaker Shaman",0,0,"","","","",""
1,"Drana, Kalastria Bloodchief",0,0,"","","","",""
1,"Drana, Liberator of Malakir",0,0,"","","","",""
1,"Dread Cacodemon",0,0,"","","","",""
1,"Dread Summons",0,0,"","","","",""
1,"Dread Wanderer",0,0,"","","","",""
2,"Dreadship Reef",0,0,"","CM2","","",""
2,"Dream Cache",0,0,"","","","",""
1,"Dream Leash",0,0,"","","","",""
1,"Dream Pillager",0,0,"","CM2","","",""
1,"Dreamborn Muse",0,0,"","CM2","","",""
2,"Dreamstone Hedron",0,0,"","","","",""
2,"Dreamstone Hedron",0,0,"","CM2","","",""
1,"Drifting Meadow",0,0,"","CM2","","",""
2,"Driven // Despair",0,0,"","","","",""
1,"Drogskol Cavalry",0,0,"","","","",""
1,"Dromoka, the Eternal",0,0,"","","","",""
1,"Drover of the Mighty",0,0,"","","","",""
1,"Drown in Filth",0,0,"","","","",""
1,"Druid of Horns",0,0,"","","","",""
1,"Druid of the Cowl",0,0,"","","","",""
1,"Dryad Greenseeker",0,0,"","","","",""
1,"Dualcaster Mage",0,0,"","","","",""
1,"Dualcaster Mage",0,0,"","CM2","","",""
1,"Duelist's Heritage",0,0,"","CM2","","",""
1,"Duneblast",0,0,"","CM2","","",""
1,"Dunes of the Dead",0,0,"","","","",""
1,"Duplicant",0,0,"","","","",""
5,"Duress",0,0,"","","","",""
1,"Duskmantle Seer",0,0,"","","","",""
1,"Duskmantle, House of Shadow",0,0,"","","","",""
1,"Dwarven Bloodboiler",0,0,"","","","",""
1,"Dynacharge",0,0,"","","","",""
1,"Earl of Squirrel",0,0,"","","","",""
1,"Earthquake",0,0,"","CM2","","",""
1,"Earthquake",0,0,"","","","",""
1,"Eater of Hope",0,0,"","","","",""
1,"Ebonblade Reaper",0,0,"","","","",""
1,"Echo Mage",0,0,"","","","",""
1,"Echo Storm",0,0,"","","","",""
1,"Edgar Markov",0,0,"","","","",""
1,"Eel Umbra",0,0,"","","","",""
1,"Eerie Interlude",0,0,"","","","",""
1,"Eidolon of Blossoms",0,0,"","","","",""
1,"Elderwood Scion",0,0,"","","","",""
1,"Eldrazi Monument",0,0,"","","","",""
1,"Electrolyze",0,0,"","","","",""
1,"Elemental Bond",0,0,"","","","",""
1,"Elfhame Druid",0,0,"","","","",""
1,"Elite Scaleguard",0,0,"","CM2","","",""
1,"Elixir of Immortality",0,0,"","","","",""
1,"Elusive Tormentor",0,0,"","","","",""
1,"Elvish Champion",0,0,"","","","",""
4,"Elvish Mystic",0,0,"","","","",""
1,"Elvish Piper",0,0,"","","","",""
1,"Elvish Rejuvenator",0,0,"","","","",""
1,"Embalmer's Tools",0,0,"","","","",""
1,"Ember Hauler",0,0,"","","","",""
1,"Emeria, the Sky Ruin",0,0,"","","","",""
1,"Emissary of Grudges",0,0,"","","","",""
1,"Emissary of the Sleepless",0,0,"","","","",""
1,"Empty the Warrens",0,0,"","","","",""
1,"Empyreal Voyager",0,0,"","","","",""
1,"Empyrial Storm",0,0,"","","","",""
1,"Enchanter's Bane",0,0,"","","","",""
1,"Enchantress's Presence",0,0,"","","","",""
1,"Endless Atlas",0,0,"","","","",""
1,"Endless One",0,0,"","","","",""
1,"Enduring Scalelord",0,0,"","CM2","","",""
3,"Enduring Scalelord",0,0,"","","","",""
1,"Engulf the Shore",0,0,"","","","",""
1,"Enigma Sphinx",0,0,"","","","",""
1,"Enthralling Victor",0,0,"","","","",""
2,"Entreat the Angels",0,0,"","","","",""
1,"Entreat the Dead",0,0,"","","","",""
1,"Epic Confrontation",0,0,"","","","",""
1,"Epic Experiment",0,0,"","","","",""
1,"Epic Proportions",0,0,"","","","",""
1,"Epochrasite",0,0,"","CM2","","",""
1,"Erebos's Emissary",0,0,"","","","",""
1,"Esper Charm",0,0,"","","","",""
4,"Essence Scatter",0,0,"","","","",""
1,"Estrid's Invocation",0,0,"","","","",""
1,"Estrid, the Masked",0,0,"","","","",""
1,"Eternal Thirst",0,0,"","","","",""
1,"Eternal Witness",0,0,"","CM2","","",""
1,"Eternal Witness",0,0,"","","","",""
1,"Ethereal Guidance",0,0,"","","","",""
1,"Etherium Sculptor",0,0,"","","","",""
1,"Etherium-Horn Sorcerer",0,0,"","","","",""
1,"Evangel of Heliod",0,0,"","","","",""
4,"Evasive Action",0,0,"","","","",""
1,"Ever-Watching Threshold",0,0,"","","","",""
1,"Everdawn Champion",0,0,"","","","",""
1,"Everflowing Chalice",0,0,"","CM2","","",""
1,"Everflowing Chalice",0,0,"","","","",""
1,"Evil Twin",0,0,"","","","",""
2,"Evolving Wilds",0,0,"","CM2","","",""
16,"Evolving Wilds",0,0,"","","","",""
1,"Evra, Halcyon Witness",0,0,"","","","",""
1,"Exalted Angel",0,0,"","","","",""
1,"Exclusion Mage",0,0,"","","","",""
1,"Exemplar of Strength",0,0,"","","","",""
1,"Exotic Orchard",0,0,"","CM2","","",""
1,"Exotic Orchard",0,0,"","","","",""
1,"Expedite",0,0,"","","","",""
1,"Expel from Orazca",0,0,"","","","",""
1,"Explore",0,0,"","","","",""
1,"Explosive Apparatus",0,0,"","","","",""
2,"Explosive Vegetation",0,0,"","","","",""
1,"Extinguish All Hope",0,0,"","","","",""
1,"Extractor Demon",0,0,"","CM2","","",""
1,"Extractor Demon",0,0,"","","","",""
1,"Extricator of Sin",0,0,"","","","",""
1,"Eye of the Storm",0,0,"","","","",""
1,"Eyeblight's Ending",0,0,"","","","",""
1,"Fabricate",0,0,"","","","",""
1,"Fact or Fiction",0,0,"","CM2","","",""
1,"Fact or Fiction",0,0,"","","","",""
1,"Fairgrounds Warden",0,0,"","","","",""
1,"Faith's Fetters",0,0,"","CM2","","",""
1,"Faithless Looting",0,0,"","CM2","","",""
1,"Falkenrath Gorger",0,0,"","","","",""
1,"Fall of the Hammer",0,0,"","CM2","","",""
1,"Fall of the Thran",0,0,"","","","",""
1,"Fallen Angel",0,0,"","","","",""
1,"Famished Paladin",0,0,"","","","",""
2,"Fanatical Firebrand",0,0,"","","","",""
1,"Far Wanderings",0,0,"","","","",""
1,"Farbog Revenant",0,0,"","","","",""
1,"Farhaven Elf",0,0,"","","","",""
1,"Farseek",0,0,"","","","",""
1,"Fate Unraveler",0,0,"","","","",""
1,"Fated Retribution",0,0,"","","","",""
1,"Fated Return",0,0,"","","","",""
1,"Fathom Feeder",0,0,"","","","",""
1,"Fathom Mage",0,0,"","CM2","","",""
1,"Feldon of the Third Path",0,0,"","CM2","","",""
1,"Feldon's Cane",0,0,"","","","",""
1,"Felidar Guardian",0,0,"","","","",""
1,"Felidar Sovereign",0,0,"","","","",""
1,"Fell the Mighty",0,0,"","","","",""
1,"Fellwar Stone",0,0,"","","","",""
2,"Fellwar Stone",0,0,"","CM2","","",""
2,"Feral Hydra",0,0,"","","","",""
2,"Fertile Ground",0,0,"","","","",""
1,"Fertile Thicket",0,0,"","","","",""
1,"Fertilid",0,0,"","","","",""
1,"Fervor",0,0,"","","","",""
1,"Festercreep",0,0,"","CM2","","",""
1,"Fevered Visions",0,0,"","","","",""
4,"Field of Ruin",0,0,"","","","",""
1,"Fiery Confluence",0,0,"","CM2","","",""
1,"Fiery Finish",0,0,"","","","",""
1,"Fight with Fire",0,0,"","","","",""
1,"Final Parting",0,0,"","","","",""
1,"Finest Hour",0,0,"","","","",""
1,"Fire Diamond",0,0,"","CM2","","",""
1,"Firefist Adept",0,0,"","","","",""
1,"First Response",0,0,"","","","",""
1,"Fist of Suns",0,0,"","","","",""
1,"Flameblast Dragon",0,0,"","","","",""
1,"Flamekin Village",0,0,"","CM2","","",""
1,"Flametongue Kavu",0,0,"","CM2","","",""
1,"Flamewave Invoker",0,0,"","","","",""
1,"Flaying Tendrils",0,0,"","","","",""
1,"Fleecemane Lion",0,0,"","","","",""
3,"Fleet Swallower",0,0,"","","","",""
1,"Fleetwheel Cruiser",0,0,"","","","",""
1,"Fleshbag Marauder",0,0,"","CM2","","",""
1,"Flooded Strand",0,0,"","","","",""
1,"Fluxcharger",0,0,"","","","",""
2,"Flying Crane Technique",0,0,"","","","",""
1,"Fog",0,0,"","","","",""
2,"Fog Bank",0,0,"","","","",""
1,"Font of Return",0,0,"","","","",""
2,"Forbid",0,0,"","","","",""
2,"Forebear's Blade",0,0,"","","","",""
1,"Forerunner of the Coalition",0,0,"","","","",""
1,"Forerunner of the Heralds",0,0,"","","","",""
4,"Forge of Heroes",0,0,"","","","",""
1,"Forgotten Ancient",0,0,"","CM2","","",""
6,"Forgotten Cave",0,0,"","","","",""
2,"Forgotten Cave",0,0,"","CM2","","",""
1,"Forlorn Pseudamma",0,0,"","","","",""
1,"Form of the Dinosaur",0,0,"","","","",""
6,"Forsaken Sanctuary",0,0,"","","","",""
1,"Fortunate Few",0,0,"","","","",""
1,"Fortune's Favor",0,0,"","","","",""
3,"Foul Orchard",0,0,"","","","",""
2,"Foundry of the Consuls",0,0,"","","","",""
1,"Foundry Street Denizen",0,0,"","","","",""
1,"Fractured Identity",0,0,"","","","",""
1,"Frontier Bivouac",0,0,"","","","",""
1,"Frontier Siege",0,0,"","","","",""
1,"Fumble",0,0,"","","","",""
1,"Fumigate",0,0,"","","","",""
1,"Fumiko the Lowblood",0,0,"","CM2","","",""
1,"Fungal Plots",0,0,"","","","",""
1,"Fury Charm",0,0,"","","","",""
1,"Fury Storm",0,0,"","","","",""
1,"Fyndhorn Elves",0,0,"","","","",""
1,"Gaea's Blessing",0,0,"","","","",""
1,"Gaea's Cradle",0,0,"","","","",""
1,"Galvanoth",0,0,"","","","",""
1,"Gamble",0,0,"","","","",""
1,"Game Plan",0,0,"","","","",""
1,"Gamekeeper",0,0,"","","","",""
2,"Gang Up",0,0,"","","","",""
4,"Garna, the Bloodflame",0,0,"","","","",""
1,"Garruk's Horde",0,0,"","","","",""
1,"Gate to the Aether",0,0,"","","","",""
1,"Gate to the Afterlife",0,0,"","","","",""
2,"Gaze of Granite",0,0,"","","","",""
1,"Geier Reach Sanitarium",0,0,"","","","",""
1,"Geist of the Lonely Vigil",0,0,"","","","",""
1,"Geist of the Moors",0,0,"","","","",""
2,"Gempalm Incinerator",0,0,"","","","",""
1,"Genesis Chamber",0,0,"","","","",""
2,"Genesis Hydra",0,0,"","","","",""
1,"Genesis Storm",0,0,"","","","",""
2,"Geode Golem",0,0,"","","","",""
1,"Geth's Grimoire",0,0,"","","","",""
1,"Ghave, Guru of Spores",0,0,"","CM2","","",""
1,"Ghirapur Gearcrafter",0,0,"","","","",""
1,"Ghirapur Orrery",0,0,"","","","",""
4,"Ghitu Lavarunner",0,0,"","","","",""
1,"Ghost Quarter",0,0,"","CM2","","",""
1,"Ghostform",0,0,"","","","",""
1,"Ghostly Prison",0,0,"","","","",""
1,"Ghostly Sentinel",0,0,"","","","",""
8,"Giant Growth",0,0,"","","","",""
2,"Gift of Paradise",0,0,"","","","",""
2,"Gifted Aetherborn",0,0,"","","","",""
1,"Gigapede",0,0,"","","","",""
1,"Gilded Lotus",0,0,"","","","",""
1,"Gisa and Geralf",0,0,"","","","",""
1,"Gisa's Bidding",0,0,"","","","",""
1,"Gisela, Blade of Goldnight",0,0,"","CM2","","",""
1,"Gleam of Battle",0,0,"","","","",""
1,"Glissa, the Traitor",0,0,"","","","",""
4,"Glistener Elf",0,0,"","","","",""
4,"Global Ruin",0,0,"","","","",""
1,"Glory-Bound Initiate",0,0,"","","","",""
2,"Go for the Throat",0,0,"","","","",""
1,"Goblin Archaeologist",0,0,"","","","",""
1,"Goblin Assassin",0,0,"","","","",""
1,"Goblin Barrage",0,0,"","","","",""
1,"Goblin Bombardment",0,0,"","","","",""
1,"Goblin Bushwhacker",0,0,"","","","",""
1,"Goblin Chainwhirler",0,0,"","","","",""
1,"Goblin Charbelcher",0,0,"","","","",""
1,"Goblin Chieftain",0,0,"","","","",""
1,"Goblin Chirurgeon",0,0,"","","","",""
1,"Goblin Dark-Dwellers",0,0,"","","","",""
2,"Goblin Diplomats",0,0,"","","","",""
1,"Goblin Festival",0,0,"","","","",""
1,"Goblin Game",0,0,"","","","",""
1,"Goblin Glory Chaser",0,0,"","","","",""
1,"Goblin Goon",0,0,"","","","",""
1,"Goblin Grenade",0,0,"","","","",""
2,"Goblin Instigator",0,0,"","","","",""
1,"Goblin Kaboomist",0,0,"","","","",""
1,"Goblin King",0,0,"","","","",""
1,"Goblin Matron",0,0,"","","","",""
1,"Goblin Piledriver",0,0,"","","","",""
1,"Goblin Rabblemaster",0,0,"","","","",""
1,"Goblin Rally",0,0,"","","","",""
3,"Goblin Razerunners",0,0,"","","","",""
1,"Goblin Recruiter",0,0,"","","","",""
4,"Goblin Ringleader",0,0,"","","","",""
1,"Goblin Sharpshooter",0,0,"","","","",""
1,"Goblin Sledder",0,0,"","","","",""
1,"Goblin Spymaster",0,0,"","","","",""
1,"Goblin Test Pilot",0,0,"","","","",""
1,"Goblin Trashmaster",0,0,"","","","",""
2,"Goblin Trenches",0,0,"","","","",""
1,"Goblin Tunneler",0,0,"","","","",""
1,"Goblin War Strike",0,0,"","","","",""
1,"Goblin Warchief",0,0,"","","","",""
4,"Goblin Wardriver",0,0,"","","","",""
1,"Goblin Welder",0,0,"","","","",""
1,"Goblin Welder",0,0,"","CM2","","",""
1,"God-Pharaoh's Gift",0,0,"","","","",""
1,"Gold-Forged Sentinel",0,0,"","","","",""
1,"Golgari Charm",0,0,"","","","",""
1,"Golgari Cluestone",0,0,"","","","",""
2,"Golgari Guildgate",0,0,"","","","",""
2,"Golgari Rot Farm",0,0,"","","","",""
2,"Golgari Rot Farm",0,0,"","CM2","","",""
2,"Golgari Signet",0,0,"","CM2","","",""
1,"Golgari Signet",0,0,"","","","",""
1,"Grand Melee",0,0,"","","","",""
1,"Grand Warlord Radha",0,0,"","","","",""
1,"Grapple with the Past",0,0,"","","","",""
1,"Grasp of Darkness",0,0,"","","","",""
1,"Grave Pact",0,0,"","CM2","","",""
1,"Gravedigger",0,0,"","CM2","","",""
1,"Gravedigger",0,0,"","","","",""
1,"Gravepurge",0,0,"","","","",""
1,"Gray Merchant of Asphodel",0,0,"","","","",""
1,"Great Furnace",0,0,"","","","",""
1,"Great Furnace",0,0,"","CM2","","",""
1,"Great Oak Guardian",0,0,"","","","",""
1,"Greater Good",0,0,"","","","",""
2,"Grenzo's Ruffians",0,0,"","","","",""
1,"Grenzo, Dungeon Warden",0,0,"","","","",""
1,"Grenzo, Havoc Raiser",0,0,"","","","",""
2,"Grim Backwoods",0,0,"","","","",""
1,"Grim Guardian",0,0,"","","","",""
1,"Grim Haruspex",0,0,"","","","",""
1,"Grindclock",0,0,"","","","",""
1,"Grip of Desolation",0,0,"","","","",""
1,"Grip of Phyresis",0,0,"","CM2","","",""
1,"Grip of the Roil",0,0,"","","","",""
1,"Griselbrand",0,0,"","","","",""
1,"Grisly Salvage",0,0,"","","","",""
1,"Ground Seal",0,0,"","","","",""
4,"Groundswell",0,0,"","","","",""
2,"Growing Rites of Itlimoc",0,0,"","","","",""
1,"Growth Spasm",0,0,"","","","",""
1,"Grunn, the Lonely King",0,0,"","","","",""
1,"Gruul Cluestone",0,0,"","","","",""
1,"Gruul Turf",0,0,"","","","",""
1,"Gyre Sage",0,0,"","","","",""
1,"Gyrus, Waker of Corpses",0,0,"","","","",""
1,"Hagra Sharpshooter",0,0,"","","","",""
1,"Halimar Depths",0,0,"","","","",""
2,"Hallar, the Firefletcher",0,0,"","","","",""
1,"Hamletback Goliath",0,0,"","CM2","","",""
1,"Hammer of Purphoros",0,0,"","","","",""
1,"Hammerfist Giant",0,0,"","CM2","","",""
1,"Hanweir Garrison",0,0,"","","","",""
1,"Hapatra, Vizier of Poisons",0,0,"","","","",""
1,"Haphazard Bombardment",0,0,"","","","",""
1,"Harbinger of the Tides",0,0,"","","","",""
1,"Hardened Scales",0,0,"","CM2","","",""
1,"Harmless Offering",0,0,"","","","",""
5,"Harrow",0,0,"","","","",""
1,"Harsh Mentor",0,0,"","","","",""
1,"Harvest Season",0,0,"","","","",""
1,"Haunted Fengraf",0,0,"","","","",""
1,"Haunted Plate Mail",0,0,"","","","",""
1,"Haven of the Spirit Dragon",0,0,"","","","",""
1,"Havengul Vampire",0,0,"","","","",""
2,"Hazoret's Undying Fury",0,0,"","","","",""
1,"Heartless Hidetsugu",0,0,"","","","",""
1,"Heat Shimmer",0,0,"","","","",""
1,"Heavenly Blademaster",0,0,"","","","",""
1,"Hedron Archive",0,0,"","","","",""
1,"Hedron Crawler",0,0,"","","","",""
1,"Heirloom Blade",0,0,"","","","",""
1,"Heliod's Emissary",0,0,"","","","",""
1,"Hellkite Charger",0,0,"","","","",""
1,"Hellkite Igniter",0,0,"","","","",""
1,"Helm of the Gods",0,0,"","","","",""
1,"Helm of the Host",0,0,"","","","",""
1,"Helvault",0,0,"","","","",""
1,"Herald of Anguish",0,0,"","","","",""
1,"Herald of the Host",0,0,"","CM2","","",""
1,"Herald of the Pantheon",0,0,"","","","",""
1,"Herald's Horn",0,0,"","","","",""
1,"Hermit of the Natterknolls",0,0,"","","","",""
1,"Heroic Intervention",0,0,"","","","",""
1,"Heroic Reinforcements",0,0,"","","","",""
1,"Hidden Stockpile",0,0,"","","","",""
1,"High Market",0,0,"","","","",""
1,"High Priest of Penance",0,0,"","","","",""
4,"Highland Lake",0,0,"","","","",""
1,"Hinder",0,0,"","","","",""
1,"Hinterland Harbor",0,0,"","","","",""
1,"Hive Mind",0,0,"","","","",""
1,"Hoard-Smelter Dragon",0,0,"","CM2","","",""
2,"Hoarding Dragon",0,0,"","","","",""
1,"Hollow One",0,0,"","","","",""
1,"Hooded Hydra",0,0,"","","","",""
1,"Hoofprints of the Stag",0,0,"","","","",""
4,"Hordeling Outburst",0,0,"","","","",""
2,"Horizon Chimera",0,0,"","","","",""
3,"Horizon Scholar",0,0,"","","","",""
3,"Hostage Taker",0,0,"","","","",""
1,"Hostility",0,0,"","CM2","","",""
1,"Hour of Devastation",0,0,"","","","",""
1,"Hour of Eternity",0,0,"","","","",""
1,"Hour of Revelation",0,0,"","","","",""
1,"Howling Golem",0,0,"","","","",""
1,"Howling Mine",0,0,"","","","",""
1,"Humble Defector",0,0,"","","","",""
1,"Hungry Lynx",0,0,"","","","",""
1,"Hunt the Hunter",0,0,"","","","",""
1,"Hunted Dragon",0,0,"","CM2","","",""
1,"Hunted Wumpus",0,0,"","","","",""
1,"Hunter's Prowess",0,0,"","","","",""
1,"Hunting Wilds",0,0,"","","","",""
1,"Hydra Broodmaster",0,0,"","","","",""
1,"Hydra Omnivore",0,0,"","","","",""
1,"Hypersonic Dragon",0,0,"","","","",""
1,"Hythonia the Cruel",0,0,"","","","",""
1,"Ib Halfheart, Goblin Tactician",0,0,"","","","",""
1,"Ice Cave",0,0,"","","","",""
1,"Ichor Wellspring",0,0,"","CM2","","",""
4,"Ichorclaw Myr",0,0,"","","","",""
2,"Icy Manipulator",0,0,"","","","",""
1,"Ikra Shidiqi, the Usurper",0,0,"","CM2","","",""
1,"Illicit Auction",0,0,"","","","",""
1,"Illusionist's Bracers",0,0,"","","","",""
1,"Immortal Servitude",0,0,"","","","",""
1,"Impact Resonance",0,0,"","CM2","","",""
3,"Impact Tremors",0,0,"","","","",""
2,"Imperial Aerosaur",0,0,"","","","",""
1,"Impetuous Protege",0,0,"","","","",""
1,"Implement of Combustion",0,0,"","","","",""
1,"Imprisoned in the Moon",0,0,"","","","",""
6,"Impulse",0,0,"","","","",""
3,"In Bolas's Clutches",0,0,"","","","",""
2,"In Garruk's Wake",0,0,"","","","",""
1,"Incite Rebellion",0,0,"","CM2","","",""
1,"Indomitable Creativity",0,0,"","","","",""
1,"Indrik Stomphowler",0,0,"","","","",""
1,"Indulgent Tormentor",0,0,"","","","",""
1,"Infectious Horror",0,0,"","","","",""
1,"Inferno Titan",0,0,"","CM2","","",""
1,"Ingot Chewer",0,0,"","CM2","","",""
1,"Inkwell Leviathan",0,0,"","","","",""
1,"Inner Demon",0,0,"","","","",""
1,"Inner Fire",0,0,"","","","",""
1,"Insidious Will",0,0,"","","","",""
1,"Inspired Charge",0,0,"","","","",""
1,"Inspiring Call",0,0,"","CM2","","",""
1,"Inspiring Cleric",0,0,"","","","",""
1,"Inspiring Statuary",0,0,"","","","",""
1,"Insult // Injury",0,0,"","","","",""
1,"Insurrection",0,0,"","","","",""
1,"Intangible Virtue",0,0,"","","","",""
1,"Intet, the Dreamer",0,0,"","","","",""
1,"Into the Roil",0,0,"","","","",""
2,"Inventors' Fair",0,0,"","","","",""
1,"Invigorated Rampage",0,0,"","","","",""
1,"Iona, Shield of Emeria",0,0,"","","","",""
1,"Ipnu Rivulet",0,0,"","","","",""
1,"Iridescent Angel",0,0,"","","","",""
1,"Iron Myr",0,0,"","","","",""
1,"Ishai, Ojutai Dragonspeaker",0,0,"","CM2","","",""
1,"Isochron Scepter",0,0,"","","","",""
1,"Isolated Chapel",0,0,"","","","",""
1,"Isolated Watchtower",0,0,"","","","",""
1,"Isolation Zone",0,0,"","","","",""
2,"Ixalan's Binding",0,0,"","","","",""
1,"Ixidor, Reality Sculptor",0,0,"","","","",""
1,"Ixidron",0,0,"","","","",""
1,"Izzet Boilerworks",0,0,"","","","",""
1,"Izzet Chemister",0,0,"","","","",""
1,"Izzet Cluestone",0,0,"","","","",""
1,"Izzet Guildgate",0,0,"","","","",""
1,"Izzet Signet",0,0,"","","","",""
1,"Jaddi Offshoot",0,0,"","","","",""
1,"Jalum Tome",0,0,"","CM2","","",""
2,"Jarad, Golgari Lich Lord",0,0,"","","","",""
1,"Jareth, Leonine Titan",0,0,"","CM2","","",""
1,"Jedit Ojanen of Efrava",0,0,"","","","",""
1,"Jelenn Sphinx",0,0,"","","","",""
1,"Jenara, Asura of War",0,0,"","","","",""
1,"Jeskai Banner",0,0,"","","","",""
1,"Jeskai Charm",0,0,"","","","",""
1,"Jeskai Infiltrator",0,0,"","","","",""
2,"Jhoira of the Ghitu",0,0,"","","","",""
1,"Jhoira's Familiar",0,0,"","","","",""
1,"Jhoira's Timebug",0,0,"","","","",""
1,"Jin-Gitaxias, Core Augur",0,0,"","","","",""
1,"Jinxed Choker",0,0,"","","","",""
2,"Jodah, Archmage Eternal",0,0,"","","","",""
1,"Joiner Adept",0,0,"","","","",""
1,"Jolrael, Empress of Beasts",0,0,"","","","",""
1,"Jori En, Ruin Diver",0,0,"","","","",""
1,"Josu Vess, Lich Knight",0,0,"","","","",""
1,"Jubilant Mascot",0,0,"","","","",""
3,"Juggernaut",0,0,"","","","",""
1,"Jund Panorama",0,0,"","","","",""
3,"Jungle Hollow",0,0,"","","","",""
1,"Jungle Shrine",0,0,"","","","",""
1,"Juniper Order Ranger",0,0,"","CM2","","",""
1,"Junk Diver",0,0,"","CM2","","",""
1,"Jwar Isle Refuge",0,0,"","","","",""
1,"Jwar Isle Refuge",0,0,"","CM2","","",""
1,"Kabira Crossroads",0,0,"","","","",""
1,"Kalemne's Captain",0,0,"","CM2","","",""
1,"Kalemne, Disciple of Iroas",0,0,"","CM2","","",""
1,"Kalonian Hydra",0,0,"","CM2","","",""
1,"Kambal, Consul of Allocation",0,0,"","","","",""
1,"Karametra's Favor",0,0,"","","","",""
1,"Karametra, God of Harvests",0,0,"","","","",""
3,"Kari Zev's Expertise",0,0,"","","","",""
1,"Karn's Temporal Sundering",0,0,"","","","",""
1,"Kavu Mauler",0,0,"","","","",""
1,"Kazandu Refuge",0,0,"","","","",""
1,"Kazarov, Sengir Pureblood",0,0,"","","","",""
1,"Kessig Cagebreakers",0,0,"","","","",""
1,"Kessig Prowler",0,0,"","","","",""
1,"Kestia, the Cultivator",0,0,"","","","",""
1,"Khalni Garden",0,0,"","","","",""
3,"Khalni Heart Expedition",0,0,"","","","",""
1,"Khenra Eternal",0,0,"","","","",""
1,"Kher Keep",0,0,"","","","",""
1,"Kheru Mind-Eater",0,0,"","","","",""
1,"Khorvath Brightflame",0,0,"","","","",""
1,"Khorvath's Fury",0,0,"","","","",""
1,"Kill Shot",0,0,"","","","",""
1,"Kindred Boon",0,0,"","","","",""
1,"Kindred Charge",0,0,"","","","",""
1,"Kindred Discovery",0,0,"","","","",""
2,"Kiora, Master of the Depths",0,0,"","","","",""
1,"Kiora, the Crashing Wave",0,0,"","","","",""
1,"Kiss of the Amesha",0,0,"","","","",""
2,"Knight of Grace",0,0,"","","","",""
1,"Knight of Malice",0,0,"","","","",""
1,"Knowledge Pool",0,0,"","","","",""
2,"Kodama's Reach",0,0,"","","","",""
1,"Kolaghan, the Storm's Fury",0,0,"","","","",""
1,"Korozda Guildmage",0,0,"","","","",""
2,"Krav, the Unredeemed",0,0,"","","","",""
3,"Krenko's Command",0,0,"","","","",""
1,"Krenko, Mob Boss",0,0,"","","","",""
4,"Krosan Tusker",0,0,"","","","",""
1,"Krosan Verge",0,0,"","","","",""
1,"Kruphix's Insight",0,0,"","","","",""
1,"Kruphix, God of Horizons",0,0,"","","","",""
1,"Kuldotha Rebirth",0,0,"","","","",""
2,"Kwende, Pride of Femeref",0,0,"","","","",""
1,"Kyren Negotiations",0,0,"","","","",""
1,"Languish",0,0,"","CM2","","",""
4,"Larger Than Life",0,0,"","","","",""
1,"Lashweed Lurker",0,0,"","","","",""
1,"Lava-Field Overlord",0,0,"","","","",""
1,"Lavalanche",0,0,"","","","",""
4,"Lay of the Land",0,0,"","","","",""
1,"Lazav, Dimir Mastermind",0,0,"","","","",""
1,"Legacy Weapon",0,0,"","","","",""
1,"Legion's Landing",0,0,"","","","",""
1,"Lens of Clarity",0,0,"","","","",""
1,"Leonin Arbiter",0,0,"","","","",""
1,"Leonin Warleader",0,0,"","","","",""
1,"Ley Weaver",0,0,"","","","",""
1,"Lhurgoyf",0,0,"","CM2","","",""
1,"Lich's Caress",0,0,"","","","",""
1,"Licia, Sanguine Tribune",0,0,"","","","",""
2,"Lifeblood Hydra",0,0,"","","","",""
1,"Lifecrafter's Bestiary",0,0,"","","","",""
1,"Light of Day",0,0,"","","","",""
1,"Lightform",0,0,"","","","",""
1,"Lightning Angel",0,0,"","","","",""
3,"Lightning Greaves",0,0,"","","","",""
2,"Lightning Greaves",0,0,"","CM2","","",""
1,"Lightning Helix",0,0,"","","","",""
8,"Lightning Strike",0,0,"","","","",""
1,"Liliana's Indignation",0,0,"","","","",""
2,"Lingering Phantom",0,0,"","","","",""
1,"Lingering Souls",0,0,"","","","",""
1,"Liquimetal Coating",0,0,"","CM2","","",""
1,"Living Death",0,0,"","","","",""
1,"Living Death",0,0,"","CM2","","",""
1,"Living Lore",0,0,"","","","",""
3,"Llanowar Elves",0,0,"","","","",""
3,"Lonely Sandbar",0,0,"","","","",""
1,"Lonely Sandbar",0,0,"","CM2","","",""
1,"Long Road Home",0,0,"","","","",""
1,"Lord Windgrace",0,0,"","","","",""
1,"Lore Weaver",0,0,"","","","",""
1,"Loreseeker's Stone",0,0,"","CM2","","",""
1,"Lotleth Troll",0,0,"","","","",""
1,"Lotus Blossom",0,0,"","","","",""
1,"Loxodon Warhammer",0,0,"","CM2","","",""
3,"Loyal Apprentice",0,0,"","","","",""
2,"Loyal Drake",0,0,"","","","",""
2,"Loyal Guardian",0,0,"","","","",""
1,"Loyal Pegasus",0,0,"","","","",""
2,"Loyal Subordinate",0,0,"","","","",""
2,"Loyal Unicorn",0,0,"","","","",""
1,"Lunarch Mantle",0,0,"","","","",""
1,"Luxury Suite",0,0,"","","","",""
1,"Macabre Waltz",0,0,"","","","",""
1,"Madcap Experiment",0,0,"","","","",""
1,"Mages' Contest",0,0,"","","","",""
1,"Magma Giant",0,0,"","CM2","","",""
1,"Magmaquake",0,0,"","","","",""
1,"Magmaquake",0,0,"","CM2","","",""
1,"Magmatic Force",0,0,"","","","",""
2,"Magnifying Glass",0,0,"","","","",""
1,"Magus of the Balance",0,0,"","","","",""
1,"Magus of the Candelabra",0,0,"","","","",""
1,"Magus of the Wheel",0,0,"","CM2","","",""
1,"Majestic Heliopterus",0,0,"","","","",""
1,"Make Mischief",0,0,"","","","",""
1,"Malakir Bloodwitch",0,0,"","","","",""
1,"Malakir Familiar",0,0,"","","","",""
1,"Mana Cache",0,0,"","","","",""
1,"Mana Clash",0,0,"","","","",""
1,"Mana Geyser",0,0,"","","","",""
1,"Manabarbs",0,0,"","","","",""
1,"Manakin",0,0,"","","","",""
2,"Manalith",0,0,"","","","",""
1,"Mangara of Corondor",0,0,"","","","",""
1,"Manifold Insights",0,0,"","CM2","","",""
1,"Mantis Rider",0,0,"","","","",""
1,"March of the Machines",0,0,"","","","",""
1,"Marchesa, the Black Rose",0,0,"","","","",""
1,"Mardu Banner",0,0,"","","","",""
1,"Mardu Charm",0,0,"","","","",""
1,"Mark of the Vampire",0,0,"","","","",""
1,"Marsh Flats",0,0,"","","","",""
1,"Martial Coup",0,0,"","","","",""
1,"Marwyn, the Nurturer",0,0,"","","","",""
1,"Mass Calcify",0,0,"","","","",""
1,"Master Biomancer",0,0,"","CM2","","",""
1,"Master of the Pearl Trident",0,0,"","","","",""
1,"Master of Waves",0,0,"","","","",""
1,"Master Warcraft",0,0,"","","","",""
1,"Mathas, Fiend Seeker",0,0,"","","","",""
1,"Maverick Thopterist",0,0,"","","","",""
1,"Mavren Fein, Dusk Apostle",0,0,"","","","",""
1,"Mazirek, Kraul Death Priest",0,0,"","","","",""
4,"Meandering River",0,0,"","","","",""
1,"Mechanized Production",0,0,"","","","",""
1,"Medicine Bag",0,0,"","","","",""
1,"Melek, Izzet Paragon",0,0,"","","","",""
2,"Memnarch",0,0,"","","","",""
1,"Memorial to Folly",0,0,"","","","",""
2,"Memorial to Genius",0,0,"","","","",""
1,"Memorial to Glory",0,0,"","","","",""
1,"Memorial to Unity",0,0,"","","","",""
2,"Memorial to War",0,0,"","","","",""
1,"Memory Erosion",0,0,"","CM2","","",""
1,"Memory Plunder",0,0,"","","","",""
1,"Merciless Eviction",0,0,"","CM2","","",""
2,"Merciless Eviction",0,0,"","","","",""
2,"Mercurial Pretender",0,0,"","","","",""
1,"Meren of Clan Nel Toth",0,0,"","","","",""
1,"Merfolk Looter",0,0,"","","","",""
1,"Merfolk Sovereign",0,0,"","","","",""
1,"Merfolk Trickster",0,0,"","","","",""
1,"Merfolk Wayfinder",0,0,"","","","",""
1,"Merieke Ri Berit",0,0,"","","","",""
1,"Merrow Reejerey",0,0,"","","","",""
1,"Mesa Enchantress",0,0,"","","","",""
1,"Metallurgic Summonings",0,0,"","","","",""
1,"Metalwork Colossus",0,0,"","","","",""
1,"Meteor Blast",0,0,"","CM2","","",""
1,"Meteor Golem",0,0,"","","","",""
2,"Midnight Guard",0,0,"","","","",""
1,"Might of Oaks",0,0,"","","","",""
4,"Might of Old Krosa",0,0,"","","","",""
1,"Mighty Leap",0,0,"","","","",""
1,"Migratory Route",0,0,"","CM2","","",""
1,"Militia Bugler",0,0,"","","","",""
1,"Millikin",0,0,"","","","",""
1,"Mimic Vat",0,0,"","","","",""
1,"Mina and Denn, Wildborn",0,0,"","","","",""
1,"Mind Control",0,0,"","","","",""
1,"Mind Rot",0,0,"","","","",""
3,"Mind Spring",0,0,"","","","",""
2,"Mind Stone",0,0,"","","","",""
2,"Mind Stone",0,0,"","CM2","","",""
1,"Mind's Desire",0,0,"","","","",""
1,"Mind's Dilation",0,0,"","","","",""
2,"Mind's Eye",0,0,"","","","",""
1,"Mindblade Render",0,0,"","","","",""
1,"Mindmoil",0,0,"","","","",""
1,"Minds Aglow",0,0,"","CM2","","",""
2,"Mine Layer",0,0,"","","","",""
3,"Mirage Mirror",0,0,"","","","",""
1,"Mirri, Weatherlight Duelist",0,0,"","","","",""
1,"Mirror Entity",0,0,"","","","",""
1,"Mirror Mockery",0,0,"","","","",""
1,"Mirror of the Forebears",0,0,"","","","",""
1,"Mirrorweave",0,0,"","CM2","","",""
1,"Mirrorworks",0,0,"","","","",""
1,"Misdirection",0,0,"","","","",""
2,"Mishra's Self-Replicator",0,0,"","","","",""
2,"Mistcutter Hydra",0,0,"","","","",""
1,"Mistform Skyreaver",0,0,"","","","",""
1,"Misty Rainforest",0,0,"","","","",""
1,"Mitotic Slime",0,0,"","","","",""
1,"Mizzix of the Izmagnus",0,0,"","","","",""
1,"Moan of the Unhallowed",0,0,"","","","",""
1,"Moaning Wall",0,0,"","","","",""
1,"Mogg Assassin",0,0,"","","","",""
1,"Mogg Raider",0,0,"","","","",""
2,"Mogg War Marshal",0,0,"","","","",""
1,"Moldgraf Monstrosity",0,0,"","","","",""
1,"Molten Birth",0,0,"","","","",""
1,"Molten Sentry",0,0,"","","","",""
1,"Molten Slagheap",0,0,"","","","",""
1,"Momir Vig, Simic Visionary",0,0,"","","","",""
1,"Monastery Siege",0,0,"","","","",""
1,"Monk Idealist",0,0,"","","","",""
1,"Moonlight Bargain",0,0,"","","","",""
2,"Morbid Curiosity",0,0,"","","","",""
1,"Morphic Pool",0,0,"","","","",""
1,"Mortify",0,0,"","CM2","","",""
2,"Mortify",0,0,"","","","",""
1,"Mortivore",0,0,"","CM2","","",""
1,"Mortuary Mire",0,0,"","","","",""
1,"Mosswort Bridge",0,0,"","","","",""
1,"Mountain Valley",0,0,"","","","",""
1,"Mouth // Feed",0,0,"","","","",""
1,"Mulch",0,0,"","","","",""
1,"Mulldrifter",0,0,"","CM2","","",""
1,"Mulldrifter",0,0,"","","","",""
1,"Murasa Ranger",0,0,"","","","",""
1,"Murder",0,0,"","","","",""
2,"Murkfiend Liege",0,0,"","","","",""
1,"Murmuring Bosk",0,0,"","CM2","","",""
5,"Mutagenic Growth",0,0,"","","","",""
1,"Mutavault",0,0,"","","","",""
1,"Mycoloth",0,0,"","","","",""
1,"Mycosynth Lattice",0,0,"","","","",""
1,"Mycosynth Wellspring",0,0,"","CM2","","",""
1,"Myr Battlesphere",0,0,"","CM2","","",""
1,"Myr Battlesphere",0,0,"","","","",""
1,"Myr Retriever",0,0,"","CM2","","",""
1,"Myr Sire",0,0,"","CM2","","",""
1,"Myriad Landscape",0,0,"","","","",""
1,"Mystic Confluence",0,0,"","","","",""
1,"Mystic Monastery",0,0,"","","","",""
1,"Mystic Snake",0,0,"","","","",""
1,"Mystical Tutor",0,0,"","","","",""
1,"Myth Unbound",0,0,"","","","",""
1,"Naban, Dean of Iteration",0,0,"","","","",""
1,"Nahiri's Machinations",0,0,"","","","",""
1,"Najeela, the Blade-Blossom",0,0,"","","","",""
1,"Narset, Enlightened Master",0,0,"","","","",""
5,"Naturalize",0,0,"","","","",""
1,"Nature's Spiral",0,0,"","","","",""
1,"Navigator's Compass",0,0,"","","","",""
1,"Nazahn, Revered Bladesmith",0,0,"","","","",""
1,"Near-Death Experience",0,0,"","","","",""
4,"Necropede",0,0,"","","","",""
1,"Necroplasm",0,0,"","CM2","","",""
1,"Necropolis Fiend",0,0,"","","","",""
1,"Needletooth Raptor",0,0,"","","","",""
10,"Negate",0,0,"","","","",""
1,"Neheb, the Worthy",0,0,"","","","",""
1,"Nekusar, the Mindrazer",0,0,"","","","",""
1,"Nesting Dragon",0,0,"","","","",""
1,"Neurok Stealthsuit",0,0,"","","","",""
1,"New Benalia",0,0,"","","","",""
1,"New Blood",0,0,"","","","",""
1,"Nezumi Graverobber",0,0,"","CM2","","",""
1,"Night Incarnate",0,0,"","","","",""
1,"Nighthowler",0,0,"","","","",""
1,"Nihil Spellbomb",0,0,"","","","",""
1,"Nimbus Champion",0,0,"","","","",""
1,"Ninja of the Deep Hours",0,0,"","","","",""
1,"Nirkana Revenant",0,0,"","","","",""
2,"Nissa's Encouragement",0,0,"","","","",""
1,"Nissa, Genesis Mage",0,0,"","","","",""
2,"Nissa, Vital Force",0,0,"","","","",""
1,"Niv-Mizzet, Dracogenius",0,0,"","","","",""
1,"Niv-Mizzet, Parun",0,0,"","","","",""
1,"Niv-Mizzet, the Firemind",0,0,"","","","",""
2,"Nomad Outpost",0,0,"","","","",""
1,"Novice Knight",0,0,"","","","",""
1,"Noxious Dragon",0,0,"","","","",""
1,"Nylea's Colossus",0,0,"","","","",""
1,"Nylea's Presence",0,0,"","","","",""
1,"Nyxathid",0,0,"","","","",""
1,"Nyxborn Eidolon",0,0,"","","","",""
1,"O-Kagachi, Vengeful Kami",0,0,"","","","",""
1,"Oath of Ajani",0,0,"","","","",""
1,"Oath of Druids",0,0,"","","","",""
1,"Oath of Teferi",0,0,"","","","",""
1,"Obelisk of Urd",0,0,"","","","",""
2,"Obliterate",0,0,"","","","",""
1,"Oblivion Sower",0,0,"","","","",""
1,"Oblivion Stone",0,0,"","CM2","","",""
1,"Oblivion Strike",0,0,"","","","",""
1,"Obzedat, Ghost Council",0,0,"","","","",""
1,"Octopus Umbra",0,0,"","","","",""
1,"Ogre Battledriver",0,0,"","","","",""
1,"Ojutai, Soul of Winter",0,0,"","","","",""
2,"Oketra's Last Mercy",0,0,"","","","",""
1,"Oketra's Monument",0,0,"","","","",""
1,"Olivia Voldaren",0,0,"","","","",""
1,"Omen Machine",0,0,"","","","",""
1,"Omnath, Locus of Rage",0,0,"","","","",""
1,"On Serra's Wings",0,0,"","","","",""
1,"One with the Machine",0,0,"","","","",""
1,"Opal Palace",0,0,"","","","",""
1,"Opal Palace",0,0,"","CM2","","",""
2,"Opaline Unicorn",0,0,"","","","",""
1,"Opportunity",0,0,"","","","",""
12,"Opt",0,0,"","","","",""
2,"Opulent Palace",0,0,"","","","",""
1,"Opulent Palace",0,0,"","CM2","","",""
1,"Oracle's Insight",0,0,"","","","",""
2,"Orator of Ojutai",0,0,"","","","",""
1,"Orcish Oriflamme",0,0,"","","","",""
3,"Orcish Vandal",0,0,"","","","",""
1,"Order of Succession",0,0,"","","","",""
2,"Ordered Migration",0,0,"","","","",""
1,"Oreskos Explorer",0,0,"","CM2","","",""
1,"Oreskos Explorer",0,0,"","","","",""
1,"Orim's Thunder",0,0,"","CM2","","",""
4,"Ornithopter",0,0,"","","","",""
1,"Orzhov Advokist",0,0,"","CM2","","",""
3,"Orzhov Basilica",0,0,"","","","",""
2,"Orzhov Guildgate",0,0,"","","","",""
2,"Orzhov Signet",0,0,"","","","",""
1,"Orzhov Signet",0,0,"","CM2","","",""
1,"Otepec Huntmaster",0,0,"","","","",""
1,"Otherworldly Outburst",0,0,"","","","",""
1,"Out of Bounds",0,0,"","","","",""
3,"Outpost Siege",0,0,"","","","",""
1,"Overbeing of Myth",0,0,"","","","",""
2,"Overgrown Estate",0,0,"","","","",""
1,"Overgrowth",0,0,"","","","",""
1,"Overtaker",0,0,"","","","",""
1,"Overwhelming Stampede",0,0,"","","","",""
2,"Pacifism",0,0,"","","","",""
1,"Padeem, Consul of Innovation",0,0,"","","","",""
2,"Painful Truths",0,0,"","","","",""
1,"Painted Bluffs",0,0,"","","","",""
2,"Palace Siege",0,0,"","","","",""
1,"Pale Rider of Trostad",0,0,"","","","",""
1,"Palladium Myr",0,0,"","","","",""
1,"Palladium Myr",0,0,"","CM2","","",""
1,"Pandemonium",0,0,"","","","",""
1,"Panharmonicon",0,0,"","","","",""
1,"Panic",0,0,"","","","",""
1,"Panic Spellbomb",0,0,"","CM2","","",""
1,"Paradox Haze",0,0,"","","","",""
2,"Path of Ancestry",0,0,"","","","",""
1,"Pathbreaker Ibex",0,0,"","","","",""
1,"Patron of the Nezumi",0,0,"","CM2","","",""
1,"Patron of the Vein",0,0,"","","","",""
1,"Pawn of Ulamog",0,0,"","","","",""
1,"Peer Pressure",0,0,"","","","",""
1,"Pegasus Courser",0,0,"","","","",""
1,"Pentavus",0,0,"","CM2","","",""
2,"Peregrine Drake",0,0,"","","","",""
1,"Perplexing Chimera",0,0,"","","","",""
1,"Phage the Untouchable",0,0,"","","","",""
1,"Phantom Nishoba",0,0,"","","","",""
1,"Phantom Warrior",0,0,"","","","",""
1,"Phyrexia's Core",0,0,"","CM2","","",""
1,"Phyrexian Arena",0,0,"","","","",""
1,"Phyrexian Delver",0,0,"","","","",""
1,"Phyrexian Plaguelord",0,0,"","","","",""
1,"Phyrexian Processor",0,0,"","","","",""
1,"Phyrexian Rebirth",0,0,"","","","",""
1,"Phyrexian Reclamation",0,0,"","","","",""
1,"Phyrexian Scriptures",0,0,"","","","",""
3,"Phytoburst",0,0,"","","","",""
1,"Pia Nalaar",0,0,"","","","",""
2,"Pilgrim's Eye",0,0,"","","","",""
1,"Pilgrim's Eye",0,0,"","CM2","","",""
1,"Pious Interdiction",0,0,"","","","",""
1,"Pir, Imaginative Rascal",0,0,"","","","",""
1,"Pirate's Pillage",0,0,"","","","",""
1,"Pitiless Plunderer",0,0,"","","","",""
1,"Plague Myr",0,0,"","","","",""
2,"Planar Bridge",0,0,"","","","",""
3,"Plasm Capture",0,0,"","","","",""
1,"Plated Crusher",0,0,"","","","",""
2,"Platinum Angel",0,0,"","","","",""
1,"Plea for Guidance",0,0,"","","","",""
1,"Plunge into Darkness",0,0,"","","","",""
1,"Poison-Tip Archer",0,0,"","","","",""
1,"Polluted Delta",0,0,"","","","",""
1,"Polluted Mire",0,0,"","","","",""
1,"Polukranos, World Eater",0,0,"","","","",""
1,"Polymorph",0,0,"","","","",""
1,"Polyraptor",0,0,"","","","",""
1,"Ponder",0,0,"","","","",""
2,"Pontiff of Blight",0,0,"","","","",""
1,"Portent",0,0,"","","","",""
1,"Possibility Storm",0,0,"","","","",""
4,"Powder Keg",0,0,"","","","",""
1,"Predict",0,0,"","","","",""
1,"Presence of Gond",0,0,"","","","",""
1,"Press into Service",0,0,"","","","",""
1,"Price of Progress",0,0,"","","","",""
1,"Priest of the Wakening Sun",0,0,"","","","",""
1,"Primal Amulet",0,0,"","","","",""
1,"Primal Growth",0,0,"","","","",""
1,"Primal Rage",0,0,"","","","",""
1,"Prime Speaker Zegana",0,0,"","","","",""
1,"Primevals' Glorious Rebirth",0,0,"","","","",""
1,"Primordial Mist",0,0,"","","","",""
1,"Prismatic Lens",0,0,"","","","",""
1,"Pristine Talisman",0,0,"","CM2","","",""
1,"Progenitor Mimic",0,0,"","","","",""
1,"Progenitus",0,0,"","","","",""
1,"Prognostic Sphinx",0,0,"","","","",""
1,"Propaganda",0,0,"","","","",""
1,"Prophet of Kruphix",0,0,"","","","",""
1,"Protean Hydra",0,0,"","","","",""
1,"Prototype Portal",0,0,"","","","",""
1,"Proud Mentor",0,0,"","","","",""
1,"Psychic Battle",0,0,"","","","",""
1,"Psychic Symbiont",0,0,"","","","",""
3,"Psychosis Crawler",0,0,"","","","",""
1,"Puca's Mischief",0,0,"","","","",""
2,"Pulse of Murasa",0,0,"","","","",""
1,"Puppet's Verdict",0,0,"","","","",""
1,"Putrefy",0,0,"","CM2","","",""
4,"Putrefy",0,0,"","","","",""
1,"Pyramid of the Pantheon",0,0,"","","","",""
1,"Pyrohemia",0,0,"","","","",""
1,"Pyxis of Pandemonium",0,0,"","","","",""
1,"Qasali Slingers",0,0,"","","","",""
1,"Quarry Beetle",0,0,"","","","",""
1,"Quest for the Goblin Lord",0,0,"","","","",""
2,"Quest for the Gravelord",0,0,"","","","",""
1,"Quicken",0,0,"","","","",""
1,"Radiant Purge",0,0,"","","","",""
3,"Raff Capashen, Ship's Mage",0,0,"","","","",""
1,"Raging Regisaur",0,0,"","","","",""
1,"Rain of Thorns",0,0,"","","","",""
3,"Rakdos Carnarium",0,0,"","","","",""
2,"Rakdos Guildgate",0,0,"","","","",""
1,"Rakdos Signet",0,0,"","","","",""
1,"Rakish Heir",0,0,"","","","",""
1,"Rally the Righteous",0,0,"","","","",""
1,"Ramos, Dragon Engine",0,0,"","","","",""
1,"Rampaging Baloths",0,0,"","","","",""
1,"Rampaging Ferocidon",0,0,"","","","",""
1,"Rampant Growth",0,0,"","","","",""
3,"Ramunap Ruins",0,0,"","","","",""
1,"Rancid Rats",0,0,"","","","",""
4,"Rancor",0,0,"","","","",""
1,"Rapid Hybridization",0,0,"","","","",""
1,"Rashmi, Eternities Crafter",0,0,"","","","",""
1,"Rat Colony",0,0,"","","","",""
1,"Rattleclaw Mystic",0,0,"","","","",""
1,"Ravenous Slime",0,0,"","","","",""
1,"Razaketh's Rite",0,0,"","","","",""
1,"Read the Bones",0,0,"","","","",""
1,"Reality Scramble",0,0,"","","","",""
1,"Reality Shift",0,0,"","","","",""
1,"Reaper from the Abyss",0,0,"","","","",""
1,"Reason // Believe",0,0,"","","","",""
1,"Reassembling Skeleton",0,0,"","","","",""
2,"Reckless Bushwhacker",0,0,"","","","",""
1,"Reckless Charge",0,0,"","","","",""
1,"Reckless Scholar",0,0,"","","","",""
1,"Reclamation Sage",0,0,"","","","",""
1,"Recollect",0,0,"","","","",""
2,"Recover",0,0,"","","","",""
1,"Redirect",0,0,"","","","",""
1,"Reflector Mage",0,0,"","","","",""
1,"Refurbish",0,0,"","","","",""
1,"Regna's Sanction",0,0,"","","","",""
2,"Regna, the Redeemer",0,0,"","","","",""
1,"Reins of Power",0,0,"","","","",""
1,"Reiver Demon",0,0,"","","","",""
1,"Release the Gremlins",0,0,"","","","",""
3,"Relentless Assault",0,0,"","","","",""
1,"Relentless Hunter",0,0,"","","","",""
1,"Relic Crush",0,0,"","CM2","","",""
1,"Relic Crush",0,0,"","","","",""
2,"Reliquary Tower",0,0,"","","","",""
1,"Reliquary Tower",0,0,"","CM2","","",""
1,"Renegade Tactics",0,0,"","","","",""
1,"Renounce the Guilds",0,0,"","","","",""
1,"Retreat to Hagra",0,0,"","","","",""
1,"Retrofitter Foundry",0,0,"","","","",""
2,"Return to Dust",0,0,"","","","",""
1,"Revealing Wind",0,0,"","","","",""
1,"Reveillark",0,0,"","CM2","","",""
1,"Revel in Riches",0,0,"","","","",""
1,"Revenant",0,0,"","","","",""
1,"Reverberate",0,0,"","","","",""
1,"Reverse Engineer",0,0,"","","","",""
1,"Revoke Privileges",0,0,"","","","",""
2,"Revolutionary Rebuff",0,0,"","","","",""
1,"Rewind",0,0,"","","","",""
1,"Reyhan, Last of the Abzan",0,0,"","CM2","","",""
1,"Rhonas's Last Stand",0,0,"","","","",""
1,"Rhox Oracle",0,0,"","","","",""
1,"Rhystic Study",0,0,"","","","",""
4,"Riddleform",0,0,"","","","",""
1,"Riddlekeeper",0,0,"","CM2","","",""
1,"Rift Elemental",0,0,"","","","",""
1,"Rigging Runner",0,0,"","","","",""
1,"Righteous Authority",0,0,"","","","",""
1,"Rile",0,0,"","","","",""
1,"Riot Control",0,0,"","","","",""
1,"Riot Piker",0,0,"","","","",""
1,"Rise from the Grave",0,0,"","CM2","","",""
2,"Rise from the Grave",0,0,"","","","",""
1,"Rishadan Port",0,0,"","","","",""
1,"Rishkar's Expertise",0,0,"","","","",""
1,"Rishkar, Peema Renegade",0,0,"","","","",""
1,"Risky Move",0,0,"","","","",""
1,"Rite of Passage",0,0,"","","","",""
1,"Rite of the Raging Storm",0,0,"","CM2","","",""
1,"Rite of the Raging Storm",0,0,"","","","",""
1,"Rites of Flourishing",0,0,"","","","",""
1,"River's Rebuke",0,0,"","","","",""
1,"Rocky Tar Pit",0,0,"","","","",""
4,"Rogue's Passage",0,0,"","","","",""
1,"Rolling Thunder",0,0,"","","","",""
1,"Rona, Disciple of Gix",0,0,"","","","",""
1,"Rooftop Storm",0,0,"","","","",""
1,"Roon of the Hidden Realm",0,0,"","","","",""
1,"Root Snare",0,0,"","","","",""
1,"Rootborn Defenses",0,0,"","","","",""
2,"Rootwater Hunter",0,0,"","","","",""
1,"Rottenheart Ghoul",0,0,"","","","",""
1,"Rouse the Mob",0,0,"","","","",""
1,"Rowdy Crew",0,0,"","","","",""
1,"Royal Assassin",0,0,"","","","",""
1,"Rubblehulk",0,0,"","","","",""
1,"Ruby Medallion",0,0,"","CM2","","",""
1,"Ruinous Path",0,0,"","","","",""
2,"Run Amok",0,0,"","","","",""
2,"Rupture Spire",0,0,"","","","",""
1,"Rupture Spire",0,0,"","CM2","","",""
1,"Rush of Adrenaline",0,0,"","","","",""
1,"Rushblade Commander",0,0,"","","","",""
1,"Rustwing Falcon",0,0,"","","","",""
1,"Ruthless Disposal",0,0,"","","","",""
1,"Ryusei, the Falling Star",0,0,"","","","",""
1,"Sacred Cat",0,0,"","","","",""
1,"Sadistic Skymarcher",0,0,"","","","",""
1,"Safe Passage",0,0,"","","","",""
3,"Sage of Lat-Nam",0,0,"","","","",""
1,"Sage's Reverie",0,0,"","","","",""
1,"Saheeli Rai",0,0,"","","","",""
1,"Saheeli's Artistry",0,0,"","","","",""
1,"Saheeli's Directive",0,0,"","","","",""
1,"Saheeli, the Gifted",0,0,"","","","",""
1,"Sakura-Tribe Elder",0,0,"","","","",""
1,"Salvaging Station",0,0,"","","","",""
1,"Samut, Voice of Dissent",0,0,"","","","",""
1,"Sanctum Seeker",0,0,"","","","",""
1,"Sanctum Spirit",0,0,"","","","",""
1,"Sandblast",0,0,"","","","",""
1,"Sandsteppe Citadel",0,0,"","","","",""
1,"Sandsteppe Citadel",0,0,"","CM2","","",""
1,"Sandstone Oracle",0,0,"","CM2","","",""
1,"Sandwurm Convergence",0,0,"","","","",""
1,"Sangromancer",0,0,"","","","",""
1,"Sanguine Bond",0,0,"","","","",""
2,"Sapphire Drake",0,0,"","","","",""
1,"Saproling Migration",0,0,"","","","",""
1,"Satyr Wayfinder",0,0,"","","","",""
2,"Savage Lands",0,0,"","","","",""
1,"Savage Twister",0,0,"","","","",""
2,"Savage Ventmaw",0,0,"","","","",""
1,"Savageborn Hydra",0,0,"","","","",""
1,"Savor the Moment",0,0,"","","","",""
1,"Scalding Tarn",0,0,"","","","",""
1,"Scalelord Reckoner",0,0,"","","","",""
1,"Scarab Feast",0,0,"","","","",""
1,"Scavenging Ooze",0,0,"","CM2","","",""
1,"Scion of the Ur-Dragon",0,0,"","","","",""
1,"Scoria Wurm",0,0,"","","","",""
1,"Scour from Existence",0,0,"","","","",""
1,"Scour the Laboratory",0,0,"","","","",""
2,"Scoured Barrens",0,0,"","","","",""
1,"Scourge of Nel Toth",0,0,"","","","",""
1,"Scourge of Valkas",0,0,"","","","",""
1,"Scrabbling Claws",0,0,"","","","",""
1,"Scrambleverse",0,0,"","","","",""
1,"Scrap Mastery",0,0,"","CM2","","",""
2,"Scrap Trawler",0,0,"","","","",""
1,"Scute Mob",0,0,"","","","",""
1,"Scuttlemutt",0,0,"","","","",""
1,"Scuttling Doom Engine",0,0,"","","","",""
1,"Scythe Specter",0,0,"","CM2","","",""
1,"Sea of Clouds",0,0,"","","","",""
1,"Seafloor Oracle",0,0,"","","","",""
3,"Seal Away",0,0,"","","","",""
1,"Seal of Cleansing",0,0,"","","","",""
1,"Seal of Doom",0,0,"","","","",""
1,"Sealock Monster",0,0,"","","","",""
1,"Search for Tomorrow",0,0,"","","","",""
2,"Seaside Citadel",0,0,"","","","",""
1,"Seaside Citadel",0,0,"","CM2","","",""
3,"Seat of the Synod",0,0,"","","","",""
1,"Secluded Steppe",0,0,"","CM2","","",""
2,"Secluded Steppe",0,0,"","","","",""
1,"Secure the Wastes",0,0,"","","","",""
1,"Seed Guardian",0,0,"","","","",""
1,"Seekers' Squire",0,0,"","","","",""
1,"Seer's Lantern",0,0,"","","","",""
1,"Seer's Sundial",0,0,"","CM2","","",""
2,"Seer's Sundial",0,0,"","","","",""
1,"Seismic Rupture",0,0,"","","","",""
1,"Sejiri Refuge",0,0,"","","","",""
1,"Selesnya Cluestone",0,0,"","","","",""
1,"Selesnya Sanctuary",0,0,"","","","",""
1,"Semblance Anvil",0,0,"","","","",""
1,"Sensei's Divining Top",0,0,"","","","",""
1,"Sentinel of the Pearl Trident",0,0,"","","","",""
1,"Sentinel Tower",0,0,"","","","",""
4,"Serra Angel",0,0,"","","","",""
1,"Serra Avatar",0,0,"","","","",""
1,"Servant of Tymaret",0,0,"","","","",""
2,"Settle the Score",0,0,"","","","",""
1,"Sever the Bloodline",0,0,"","","","",""
1,"Sewer Nemesis",0,0,"","CM2","","",""
1,"Shadowmage Infiltrator",0,0,"","","","",""
1,"Shadows of the Past",0,0,"","","","",""
1,"Shalai, Voice of Plenty",0,0,"","","","",""
1,"Shamble Back",0,0,"","","","",""
1,"Sharding Sphinx",0,0,"","","","",""
1,"Shared Trauma",0,0,"","CM2","","",""
1,"Shatterstorm",0,0,"","","","",""
1,"Shefet Dunes",0,0,"","","","",""
1,"Shield of the Avatar",0,0,"","","","",""
2,"Shield of the Realm",0,0,"","","","",""
1,"Shifting Shadow",0,0,"","","","",""
1,"Shimmering Grotto",0,0,"","","","",""
1,"Shivan Dragon",0,0,"","","","",""
1,"Shivan Sand-Mage",0,0,"","","","",""
10,"Shock",0,0,"","","","",""
1,"Shriekmaw",0,0,"","","","",""
1,"Siege Dragon",0,0,"","","","",""
2,"Siege-Gang Commander",0,0,"","","","",""
1,"Siegehorn Ceratops",0,0,"","","","",""
1,"Sifter of Skulls",0,0,"","","","",""
3,"Sigil of the Empty Throne",0,0,"","","","",""
1,"Sigiled Starfish",0,0,"","","","",""
1,"Sign in Blood",0,0,"","CM2","","",""
1,"Silence the Believers",0,0,"","","","",""
2,"Silent Sentinel",0,0,"","","","",""
1,"Silent-Blade Oni",0,0,"","","","",""
1,"Silumgar, the Drifting Death",0,0,"","","","",""
1,"Silverglade Pathfinder",0,0,"","","","",""
3,"Simic Growth Chamber",0,0,"","","","",""
1,"Simic Growth Chamber",0,0,"","CM2","","",""
1,"Simic Guildgate",0,0,"","","","",""
2,"Simic Signet",0,0,"","","","",""
2,"Simic Signet",0,0,"","CM2","","",""
1,"Simic Sky Swallower",0,0,"","","","",""
1,"Sinister Concoction",0,0,"","","","",""
1,"Siren Stormtamer",0,0,"","","","",""
1,"Skarrg, the Rage Pits",0,0,"","","","",""
1,"Skeletal Scrying",0,0,"","","","",""
1,"Skeletal Vampire",0,0,"","","","",""
1,"Skeleton Archer",0,0,"","","","",""
1,"Skirk Drill Sergeant",0,0,"","","","",""
1,"Skirk Fire Marshal",0,0,"","","","",""
3,"Skirk Prospector",0,0,"","","","",""
1,"Skizzik",0,0,"","","","",""
1,"Skull Storm",0,0,"","","","",""
1,"Skullbriar, the Walking Grave",0,0,"","CM2","","",""
5,"Skullclamp",0,0,"","","","",""
2,"Skullwinder",0,0,"","","","",""
3,"Sky Terror",0,0,"","","","",""
1,"Skybind",0,0,"","","","",""
1,"Skymarch Bloodletter",0,0,"","","","",""
1,"Skyrider Patrol",0,0,"","","","",""
1,"Skyscanner",0,0,"","","","",""
3,"Skyshroud Claim",0,0,"","","","",""
1,"Skywise Teachings",0,0,"","","","",""
1,"Slimefoot, the Stowaway",0,0,"","","","",""
2,"Slinn Voda, the Rising Deep",0,0,"","","","",""
1,"Slippery Karst",0,0,"","","","",""
1,"Slippery Scoundrel",0,0,"","","","",""
1,"Slipstream Eel",0,0,"","CM2","","",""
2,"Slum Reaper",0,0,"","","","",""
2,"Smoldering Crater",0,0,"","","","",""
2,"Smoldering Crater",0,0,"","CM2","","",""
1,"Smoldering Marsh",0,0,"","","","",""
1,"Snake Umbra",0,0,"","","","",""
1,"Snapping Drake",0,0,"","","","",""
12,"Sol Ring",0,0,"","","","",""
4,"Sol Ring",0,0,"","CM2","","",""
2,"Solemn Offering",0,0,"","","","",""
2,"Solemn Simulacrum",0,0,"","CM2","","",""
1,"Solidarity of Heroes",0,0,"","CM2","","",""
1,"Solidarity of Heroes",0,0,"","","","",""
3,"Song of Freyalise",0,0,"","","","",""
2,"Sorcerer's Wand",0,0,"","","","",""
1,"Soul Conduit",0,0,"","","","",""
1,"Soul of Innistrad",0,0,"","","","",""
1,"Soul of New Phyrexia",0,0,"","","","",""
1,"Soul Salvage",0,0,"","","","",""
1,"Soul Snare",0,0,"","","","",""
4,"Soul-Scar Mage",0,0,"","","","",""
1,"Soulblade Corrupter",0,0,"","","","",""
1,"Soulblade Renewer",0,0,"","","","",""
1,"Soulflayer",0,0,"","","","",""
1,"Sower of Discord",0,0,"","","","",""
1,"Sower of Temptation",0,0,"","","","",""
1,"Spark of Creativity",0,0,"","","","",""
1,"Spawning Breath",0,0,"","","","",""
1,"Spawning Grounds",0,0,"","","","",""
1,"Spectral Grasp",0,0,"","","","",""
2,"Spectral Searchlight",0,0,"","","","",""
1,"Spell Crumple",0,0,"","CM2","","",""
6,"Spell Pierce",0,0,"","","","",""
2,"Spell Snare",0,0,"","","","",""
1,"Spellbound Dragon",0,0,"","","","",""
1,"Spellseeker",0,0,"","","","",""
4,"Spellweaver Eternal",0,0,"","","","",""
1,"Sphinx of Jwar Isle",0,0,"","","","",""
1,"Sphinx of Uthuun",0,0,"","","","",""
1,"Sphinx's Tutelage",0,0,"","","","",""
1,"Spider Spawning",0,0,"","","","",""
1,"Spike Feeder",0,0,"","","","",""
1,"Spike, Tournament Grinder",0,0,"","","","",""
1,"Spine of Ish Sah",0,0,"","CM2","","",""
1,"Spire Garden",0,0,"","","","",""
1,"Spiritmonger",0,0,"","","","",""
1,"Spitebellows",0,0,"","CM2","","",""
1,"Spiteful Returned",0,0,"","","","",""
1,"Spitting Image",0,0,"","CM2","","",""
1,"Spore Swarm",0,0,"","","","",""
1,"Sporecrown Thallid",0,0,"","","","",""
1,"Squee's Revenge",0,0,"","","","",""
1,"Squee, the Immortal",0,0,"","","","",""
1,"Sram, Senior Edificer",0,0,"","","","",""
1,"Staff of Nin",0,0,"","CM2","","",""
1,"Star Compass",0,0,"","","","",""
1,"Star of Extinction",0,0,"","","","",""
1,"Starstorm",0,0,"","CM2","","",""
2,"Steel Hellkite",0,0,"","","","",""
1,"Steel Hellkite",0,0,"","CM2","","",""
1,"Steel Leaf Champion",0,0,"","","","",""
1,"Steel Overseer",0,0,"","","","",""
1,"Steely Resolve",0,0,"","","","",""
1,"Stensia Masquerade",0,0,"","","","",""
3,"Steppe Glider",0,0,"","","","",""
2,"Sterling Grove",0,0,"","","","",""
1,"Stinkdrinker Daredevil",0,0,"","CM2","","",""
1,"Stirring Wildwood",0,0,"","","","",""
1,"Stitch in Time",0,0,"","","","",""
1,"Stitch Together",0,0,"","CM2","","",""
1,"Stitch Together",0,0,"","","","",""
1,"Stitcher's Supplier",0,0,"","","","",""
1,"Stolen Strategy",0,0,"","","","",""
4,"Stone Quarry",0,0,"","","","",""
1,"Stoneforge Acolyte",0,0,"","","","",""
1,"Stoneshock Giant",0,0,"","CM2","","",""
1,"Storm Fleet Swashbuckler",0,0,"","","","",""
1,"Stormtide Leviathan",0,0,"","","","",""
1,"Strategic Planning",0,0,"","","","",""
1,"Strider Harness",0,0,"","","","",""
2,"Stroke of Genius",0,0,"","","","",""
1,"Stromkirk Captain",0,0,"","","","",""
1,"Stronghold Biologist",0,0,"","","","",""
1,"Stronghold Machinist",0,0,"","","","",""
1,"Stun",0,0,"","","","",""
1,"Sturmgeist",0,0,"","","","",""
1,"Sublime Exhalation",0,0,"","CM2","","",""
3,"Submerged Boneyard",0,0,"","","","",""
4,"Sulfur Falls",0,0,"","","","",""
1,"Sulfuric Vortex",0,0,"","","","",""
1,"Sultai Banner",0,0,"","","","",""
2,"Sultai Charm",0,0,"","","","",""
1,"Sun Titan",0,0,"","CM2","","",""
1,"Sunbird's Invocation",0,0,"","","","",""
1,"Sunbond",0,0,"","","","",""
1,"Suncleanser",0,0,"","","","",""
1,"Sungrass Prairie",0,0,"","CM2","","",""
1,"Sunken Hollow",0,0,"","","","",""
1,"Sunrise Sovereign",0,0,"","CM2","","",""
1,"Sunscorch Regent",0,0,"","","","",""
2,"Sunscorched Desert",0,0,"","","","",""
1,"Sunset Pyramid",0,0,"","","","",""
1,"Sunstrike Legionnaire",0,0,"","","","",""
1,"Sure Strike",0,0,"","","","",""
1,"Surrak Dragonclaw",0,0,"","","","",""
5,"Survivors' Encampment",0,0,"","","","",""
1,"Svogthos, the Restless Tomb",0,0,"","CM2","","",""
1,"Swarm Intelligence",0,0,"","","","",""
1,"Swarm of Bloodflies",0,0,"","","","",""
1,"Swift Warden",0,0,"","","","",""
1,"Swift Warkite",0,0,"","","","",""
7,"Swiftfoot Boots",0,0,"","","","",""
1,"Swiftfoot Boots",0,0,"","CM2","","",""
1,"Swiftwater Cliffs",0,0,"","","","",""
3,"Switcheroo",0,0,"","","","",""
1,"Sword of the Meek",0,0,"","","","",""
1,"Sword of the Paruns",0,0,"","","","",""
1,"Sword of Vengeance",0,0,"","","","",""
1,"Sword-Point Diplomacy",0,0,"","","","",""
2,"Swords to Plowshares",0,0,"","","","",""
1,"Sygg, River Guide",0,0,"","","","",""
1,"Sylvan Awakening",0,0,"","","","",""
1,"Sylvan Reclamation",0,0,"","CM2","","",""
1,"Sylvan Safekeeper",0,0,"","","","",""
1,"Sylvia Brightspear",0,0,"","","","",""
1,"Syphon Flesh",0,0,"","CM2","","",""
1,"Syphon Mind",0,0,"","CM2","","",""
2,"Syphon Mind",0,0,"","","","",""
1,"Szadek, Lord of Secrets",0,0,"","CM2","","",""
1,"Taigam, Ojutai Master",0,0,"","","","",""
1,"Taigam, Sidisi's Hand",0,0,"","","","",""
1,"Tainted Wood",0,0,"","","","",""
2,"Take Up Arms",0,0,"","","","",""
1,"Take Vengeance",0,0,"","","","",""
1,"Tamiyo, Field Researcher",0,0,"","","","",""
2,"Tarfire",0,0,"","","","",""
1,"Tariel, Reckoner of Souls",0,0,"","","","",""
1,"Tatyova, Benthic Druid",0,0,"","","","",""
1,"Taurean Mauler",0,0,"","CM2","","",""
1,"Tavern Swindler",0,0,"","","","",""
1,"Tawnos, Urza's Apprentice",0,0,"","","","",""
1,"Teferi's Protection",0,0,"","","","",""
1,"Teferi's Puzzle Box",0,0,"","","","",""
1,"Teferi, Hero of Dominaria",0,0,"","","","",""
1,"Telepathy",0,0,"","","","",""
1,"Telim'Tor's Edict",0,0,"","","","",""
1,"Telling Time",0,0,"","","","",""
1,"Temmet, Vizier of Naktamun",0,0,"","","","",""
1,"Tempest Djinn",0,0,"","","","",""
1,"Temple of Mystery",0,0,"","","","",""
4,"Temple of the False God",0,0,"","","","",""
3,"Temple of the False God",0,0,"","CM2","","",""
1,"Tempt with Reflections",0,0,"","","","",""
1,"Temur Ascendancy",0,0,"","","","",""
1,"Temur Banner",0,0,"","","","",""
1,"Temur Battle Rage",0,0,"","","","",""
1,"Temur Charm",0,0,"","","","",""
1,"Tenacious Dead",0,0,"","","","",""
1,"Teneb, the Harvester",0,0,"","","","",""
1,"Terastodon",0,0,"","","","",""
1,"Terminus",0,0,"","","","",""
8,"Terramorphic Expanse",0,0,"","","","",""
3,"Terramorphic Expanse",0,0,"","CM2","","",""
1,"Terrarion",0,0,"","","","",""
2,"Territorial Hellkite",0,0,"","","","",""
7,"Terror",0,0,"","","","",""
1,"Teshar, Ancestor's Apostle",0,0,"","","","",""
1,"Tetsuko Umezawa, Fugitive",0,0,"","","","",""
1,"Tezzeret's Gambit",0,0,"","CM2","","",""
3,"Thallid Soothsayer",0,0,"","","","",""
1,"Thantis, the Warweaver",0,0,"","","","",""
1,"Thassa's Emissary",0,0,"","","","",""
1,"Thatcher Revolt",0,0,"","","","",""
1,"Thaumatic Compass",0,0,"","","","",""
1,"The Antiquities War",0,0,"","","","",""
1,"The Crowd Goes Wild",0,0,"","","","",""
1,"The Eldest Reborn",0,0,"","","","",""
1,"The First Eruption",0,0,"","","","",""
1,"The Flame of Keld",0,0,"","","","",""
1,"The Mending of Dominaria",0,0,"","","","",""
1,"The Mimeoplasm",0,0,"","CM2","","",""
1,"The Mirari Conjecture",0,0,"","","","",""
1,"The Scarab God",0,0,"","","","",""
1,"The Ur-Dragon",0,0,"","","","",""
1,"Thief of Blood",0,0,"","","","",""
1,"Thieving Magpie",0,0,"","","","",""
1,"Think Tank",0,0,"","","","",""
1,"Thirst for Knowledge",0,0,"","","","",""
1,"Thopter Arrest",0,0,"","","","",""
2,"Thopter Assembly",0,0,"","","","",""
2,"Thopter Engineer",0,0,"","","","",""
1,"Thopter Foundry",0,0,"","","","",""
1,"Thopter Spy Network",0,0,"","","","",""
3,"Thorn Elemental",0,0,"","","","",""
1,"Thornbite Staff",0,0,"","","","",""
1,"Thornhide Wolves",0,0,"","","","",""
1,"Thornweald Archer",0,0,"","","","",""
4,"Thornwood Falls",0,0,"","","","",""
1,"Thought Reflection",0,0,"","","","",""
1,"Thought Vessel",0,0,"","CM2","","",""
1,"Thoughtrender Lamia",0,0,"","","","",""
2,"Thran Dynamo",0,0,"","","","",""
2,"Thrasher Brute",0,0,"","","","",""
1,"Thrashing Brontodon",0,0,"","","","",""
1,"Thriss, Nantuko Primus",0,0,"","","","",""
1,"Throne of the God-Pharaoh",0,0,"","","","",""
1,"Thrummingbird",0,0,"","CM2","","",""
1,"Thundercloud Shaman",0,0,"","CM2","","",""
2,"Tiana, Ship's Caretaker",0,0,"","","","",""
2,"Tidal Courier",0,0,"","","","",""
1,"Tide of War",0,0,"","","","",""
1,"Tidebinder Mage",0,0,"","","","",""
1,"Tidehollow Strix",0,0,"","","","",""
1,"Tidespout Tyrant",0,0,"","","","",""
1,"Tidings",0,0,"","","","",""
2,"Timber Gorge",0,0,"","","","",""
1,"Time of Ice",0,0,"","","","",""
1,"Time Reversal",0,0,"","","","",""
1,"Timebender",0,0,"","","","",""
1,"Timecrafting",0,0,"","","","",""
1,"Timesifter",0,0,"","","","",""
1,"Tishana, Voice of Thunder",0,0,"","","","",""
1,"Titan's Strength",0,0,"","","","",""
1,"Tolaria West",0,0,"","","","",""
1,"Tomb Robber",0,0,"","","","",""
1,"Toothy, Imaginary Friend",0,0,"","","","",""
1,"Topplegeist",0,0,"","","","",""
1,"Torgaar, Famine Incarnate",0,0,"","","","",""
4,"Torment of Scarabs",0,0,"","","","",""
1,"Tormenting Voice",0,0,"","","","",""
2,"Tormod's Crypt",0,0,"","","","",""
1,"Torrential Gearhulk",0,0,"","","","",""
1,"Touch of the Eternal",0,0,"","","","",""
1,"Trading Post",0,0,"","CM2","","",""
1,"Tragic Poet",0,0,"","","","",""
1,"Tragic Slip",0,0,"","","","",""
1,"Trait Doctoring",0,0,"","","","",""
2,"Tranquil Cove",0,0,"","","","",""
3,"Tranquil Expanse",0,0,"","","","",""
1,"Tranquil Thicket",0,0,"","","","",""
1,"Tranquil Thicket",0,0,"","CM2","","",""
1,"Transgress the Mind",0,0,"","","","",""
1,"Transguild Promenade",0,0,"","","","",""
1,"Transmogrifying Wand",0,0,"","","","",""
1,"Traxos, Scourge of Kroog",0,0,"","","","",""
1,"Treasure Cruise",0,0,"","CM2","","",""
1,"Treasure Hunt",0,0,"","","","",""
1,"Treasure Map",0,0,"","","","",""
1,"Treasure Nabber",0,0,"","","","",""
1,"Treasury Thrull",0,0,"","","","",""
7,"Tree of Tales",0,0,"","","","",""
1,"Trespasser's Curse",0,0,"","","","",""
1,"Trespassing Souleater",0,0,"","","","",""
1,"Tribute to the Wild",0,0,"","","","",""
1,"Tribute to the Wild",0,0,"","CM2","","",""
1,"Triskelavus",0,0,"","CM2","","",""
1,"Triskelion",0,0,"","","","",""
1,"Triton Tactics",0,0,"","","","",""
2,"Triumph of Gerrard",0,0,"","","","",""
1,"Troll Ascetic",0,0,"","CM2","","",""
1,"Trostani's Summoner",0,0,"","","","",""
1,"Trumpet Blast",0,0,"","","","",""
1,"Trusty Packbeast",0,0,"","","","",""
1,"Trygon Predator",0,0,"","","","",""
2,"Tuktuk Scrapper",0,0,"","","","",""
1,"Tuktuk the Explorer",0,0,"","CM2","","",""
1,"Turntimber Sower",0,0,"","","","",""
1,"Tuskguard Captain",0,0,"","CM2","","",""
1,"Tuvasa the Sunlit",0,0,"","","","",""
1,"Twinflame",0,0,"","","","",""
1,"Tymaret, the Murder King",0,0,"","","","",""
1,"Tyrant of Discord",0,0,"","","","",""
1,"Tyrant's Familiar",0,0,"","","","",""
1,"Tyrant's Familiar",0,0,"","CM2","","",""
1,"Umezawa's Jitte",0,0,"","","","",""
2,"Unclaimed Territory",0,0,"","","","",""
1,"Underground River",0,0,"","CM2","","",""
1,"Undertaker",0,0,"","","","",""
1,"Underworld Coinsmith",0,0,"","","","",""
1,"Underworld Connections",0,0,"","","","",""
1,"Unesh, Criosphinx Sovereign",0,0,"","","","",""
2,"Unflinching Courage",0,0,"","","","",""
1,"Unknown Shores",0,0,"","","","",""
1,"Unmask",0,0,"","","","",""
1,"Unnerve",0,0,"","CM2","","",""
1,"Unquestioned Authority",0,0,"","","","",""
1,"Unraveling Mummy",0,0,"","","","",""
1,"Unstable Obelisk",0,0,"","","","",""
1,"Unstable Obelisk",0,0,"","CM2","","",""
1,"Untamed Kavu",0,0,"","","","",""
1,"Unwind",0,0,"","","","",""
2,"Unwinding Clock",0,0,"","","","",""
2,"Urban Evolution",0,0,"","","","",""
1,"Urborg Elf",0,0,"","","","",""
1,"Urborg Volcano",0,0,"","","","",""
2,"Urgoros, the Empty One",0,0,"","","","",""
1,"Urza's Incubator",0,0,"","CM2","","",""
1,"Urza's Mine",0,0,"","","","",""
1,"Urza's Power Plant",0,0,"","","","",""
1,"Urza's Tome",0,0,"","","","",""
1,"Urza's Tower",0,0,"","","","",""
2,"Utter End",0,0,"","","","",""
1,"Utvara Hellkite",0,0,"","","","",""
1,"Vampire Charmseeker",0,0,"","","","",""
1,"Vampire Cutthroat",0,0,"","","","",""
1,"Vampire Hexmage",0,0,"","","","",""
1,"Vampire Neonate",0,0,"","","","",""
2,"Vampire Nighthawk",0,0,"","","","",""
2,"Vance's Blasting Cannons",0,0,"","","","",""
1,"Vandalblast",0,0,"","","","",""
2,"Vanquisher's Banner",0,0,"","","","",""
1,"Varchild, Betrayer of Kjeldor",0,0,"","","","",""
1,"Varina, Lich Queen",0,0,"","","","",""
1,"Varolz, the Scar-Striped",0,0,"","","","",""
1,"Vastwood Hydra",0,0,"","","","",""
3,"Vault of Whispers",0,0,"","","","",""
1,"Vedalken Humiliator",0,0,"","","","",""
1,"Vein Drinker",0,0,"","","","",""
1,"Verdant Catacombs",0,0,"","","","",""
2,"Verdant Force",0,0,"","","","",""
1,"Verdurous Gearhulk",0,0,"","","","",""
1,"Verix Bladewing",0,0,"","","","",""
1,"Vessel of Endless Rest",0,0,"","","","",""
1,"Veteran Explorer",0,0,"","","","",""
1,"Veteran Warleader",0,0,"","","","",""
1,"Viashino Pyromancer",0,0,"","","","",""
1,"Vicious Shadows",0,0,"","","","",""
2,"Victim of Night",0,0,"","","","",""
1,"Victimize",0,0,"","","","",""
1,"Victory's Herald",0,0,"","CM2","","",""
1,"Vile Rebirth",0,0,"","","","",""
1,"Villainous Wealth",0,0,"","","","",""
4,"Vines of Vastwood",0,0,"","","","",""
1,"Viridian Emissary",0,0,"","","","",""
1,"Viridian Longbow",0,0,"","","","",""
1,"Viridian Zealot",0,0,"","","","",""
1,"Virtus's Maneuver",0,0,"","","","",""
1,"Visara the Dreadful",0,0,"","","","",""
1,"Vivid Crag",0,0,"","CM2","","",""
1,"Vivid Crag",0,0,"","","","",""
2,"Vivid Creek",0,0,"","","","",""
3,"Vivid Grove",0,0,"","","","",""
3,"Vivid Marsh",0,0,"","","","",""
1,"Vivid Meadow",0,0,"","CM2","","",""
1,"Vivid Meadow",0,0,"","","","",""
1,"Vizier of the Menagerie",0,0,"","","","",""
1,"Voice of All",0,0,"","","","",""
1,"Volatile Rig",0,0,"","","","",""
1,"Volcanic Offering",0,0,"","CM2","","",""
1,"Volcanic Vision",0,0,"","","","",""
1,"Voracious Dragon",0,0,"","","","",""
1,"Vorel of the Hull Clade",0,0,"","CM2","","",""
1,"Vorosh, the Hunter",0,0,"","CM2","","",""
1,"Vow of Flight",0,0,"","CM2","","",""
1,"Vow of Flight",0,0,"","","","",""
1,"Vow of Malice",0,0,"","CM2","","",""
1,"Vow of Wildness",0,0,"","CM2","","",""
1,"Vow of Wildness",0,0,"","","","",""
2,"Vulturous Zombie",0,0,"","CM2","","",""
1,"Vulturous Zombie",0,0,"","","","",""
1,"Wake Thrasher",0,0,"","","","",""
3,"Walk the Plank",0,0,"","","","",""
1,"Walking Atlas",0,0,"","","","",""
1,"Walking Ballista",0,0,"","","","",""
1,"Wall of Blossoms",0,0,"","","","",""
1,"Wandering Fumarole",0,0,"","","","",""
1,"Wanted Scoundrels",0,0,"","","","",""
1,"War's Toll",0,0,"","","","",""
1,"Warchief Giant",0,0,"","CM2","","",""
2,"Warcry Phoenix",0,0,"","","","",""
4,"Warlord's Fury",0,0,"","","","",""
1,"Warmonger Hellkite",0,0,"","CM2","","",""
1,"Warp World",0,0,"","","","",""
1,"Warped Landscape",0,0,"","","","",""
1,"Warren Instigator",0,0,"","","","",""
1,"Warstorm Surge",0,0,"","CM2","","",""
1,"Wash Out",0,0,"","","","",""
1,"Wasitora, Nekoru Queen",0,0,"","","","",""
1,"Wasteland",0,0,"","","","",""
1,"Waterfront Bouncer",0,0,"","","","",""
1,"Wayfarer's Bauble",0,0,"","","","",""
1,"Wayfarer's Bauble",0,0,"","CM2","","",""
1,"Wayward Swordtooth",0,0,"","","","",""
2,"Weaver of Currents",0,0,"","","","",""
1,"Weaver of Lies",0,0,"","","","",""
1,"Weaver of Lightning",0,0,"","","","",""
1,"Weight of Memory",0,0,"","","","",""
1,"Weird Harvest",0,0,"","","","",""
1,"Well of Lost Dreams",0,0,"","","","",""
1,"Wheel of Fate",0,0,"","","","",""
1,"Whims of the Fates",0,0,"","","","",""
1,"Whipflare",0,0,"","CM2","","",""
1,"Whiptongue Hydra",0,0,"","","","",""
1,"Whir of Invention",0,0,"","","","",""
1,"Whirler Rogue",0,0,"","","","",""
1,"Whirlpool Warrior",0,0,"","","","",""
1,"Whitewater Naiads",0,0,"","","","",""
1,"Wild Evocation",0,0,"","","","",""
1,"Wild Growth",0,0,"","","","",""
1,"Wild Onslaught",0,0,"","","","",""
1,"Wild Research",0,0,"","","","",""
1,"Wild Ricochet",0,0,"","","","",""
1,"Wild Swing",0,0,"","","","",""
1,"Wily Goblin",0,0,"","","","",""
1,"Wind-Scarred Crag",0,0,"","CM2","","",""
1,"Wind-Scarred Crag",0,0,"","","","",""
1,"Windfall",0,0,"","CM2","","",""
1,"Windfall",0,0,"","","","",""
1,"Windgrace's Judgment",0,0,"","","","",""
1,"Winds of Rath",0,0,"","","","",""
1,"Windswept Heath",0,0,"","","","",""
1,"Winged Coatl",0,0,"","","","",""
1,"Witch Hunt",0,0,"","","","",""
6,"Wizard's Lightning",0,0,"","","","",""
4,"Wizard's Retort",0,0,"","","","",""
1,"Wonder",0,0,"","CM2","","",""
1,"Wood Elves",0,0,"","","","",""
1,"Wooded Foothills",0,0,"","","","",""
8,"Woodland Stream",0,0,"","","","",""
1,"Woodlot Crawler",0,0,"","","","",""
1,"Word of Seizing",0,0,"","CM2","","",""
1,"Words of Worship",0,0,"","","","",""
1,"Worldgorger Dragon",0,0,"","","","",""
4,"Worldly Counsel",0,0,"","","","",""
1,"Worm Harvest",0,0,"","","","",""
1,"Worn Powerstone",0,0,"","CM2","","",""
2,"Worn Powerstone",0,0,"","","","",""
1,"Wrath of God",0,0,"","","","",""
5,"Wrench Mind",0,0,"","","","",""
1,"Wretched Confluence",0,0,"","","","",""
1,"Wrexial, the Risen Deep",0,0,"","CM2","","",""
1,"Wurmcoil Engine",0,0,"","CM2","","",""
1,"Wurmweaver Coil",0,0,"","","","",""
1,"Xantcha, Sleeper Agent",0,0,"","","","",""
1,"Yahenni, Undying Partisan",0,0,"","","","",""
2,"Yargle, Glutton of Urborg",0,0,"","","","",""
1,"Yavimaya Coast",0,0,"","","","",""
1,"Yavimaya Elder",0,0,"","CM2","","",""
1,"Yavimaya Elder",0,0,"","","","",""
1,"Yavimaya Enchantress",0,0,"","","","",""
1,"Yavimaya Granger",0,0,"","","","",""
1,"Yavimaya's Embrace",0,0,"","","","",""
1,"Yennett, Cryptic Sovereign",0,0,"","","","",""
1,"Yidris, Maelstrom Wielder",0,0,"","","","",""
1,"Young Pyromancer",0,0,"","","","",""
1,"Yuriko, the Tiger's Shadow",0,0,"","","","",""
1,"Zada, Hedron Grinder",0,0,"","","","",""
1,"Zendikar Incarnate",0,0,"","","","",""
2,"Zendikar Resurgent",0,0,"","","","",""
2,"Zhalfirin Void",0,0,"","","","",""
1,"Zndrsplt's Judgment",0,0,"","","","",""
2,"Zo-Zu the Punisher",0,0,"","","","",""
1,"Zoetic Cavern",0,0,"","","","",""
1,"Zombify",0,0,"","","","",""
1,"Zur the Enchanter",0,0,"","","","",""
1,"Zur's Weirding",0,0,"","","","",""
